uuid_1,uuid_2,title,subtitle,author_1_given_name,author_1_middle_name,author_1_surname,author_2_given_name,author_2_middle_name,author_2_surname
bot:00685999-1754-4316-951b-f9f77bbd0605,aud:192fde47-5f76-408a-b936-b1a59c1413a9,0.31689020833838755,0.0,0.0,0.0,0.0,0.0,0.0,0.0
bot:013010a4-0f9c-4c29-94cc-f72d9e2e8b4c,aud:3048a828-349f-49f6-b111-a5da007ee2ca,1.0,0.0,1.0000000000000004,0.0,1.0,0.0,0.0,0.0
bot:02706bb7-fca5-44a4-a4ff-52d62abf49c7,aud:bf4936f8-feba-4db2-9906-982ad4b8d2c2,0.4006394901661016,0.0,0.0,0.0,0.0,0.0,0.0,0.0
bot:02ac0dc5-f56b-4487-abd7-5f9f598c9ac7,aud:22b466bf-5864-453d-ab1d-7c5b894c26f1,0.10858386601823086,0.0,0.0,0.0,0.0,0.0,0.0,0.0
bot:02ac0dc5-f56b-4487-abd7-5f9f598c9ac7,aud:d08faf8e-c2b5-4126-a9df-cf42b084f78b,0.15324476063214795,0.0,0.0,0.0,0.0,0.0,0.0,0.0
bot:035e04e6-867f-40f9-be55-e349854bf88e,aud:701b7194-309f-4457-9d46-7472713672ac,0.016572728385848518,0.0,0.0,0.0,0.0,0.0,0.0,0.0
bot:0374059d-7ae0-413c-8747-7e6365fe6dcf,aud:93ca1326-9ec1-4f4a-b4b2-27c13a0ebddd,0.0,0.0,0.0,0.0,0.0,0.0,0.0,0.0
bot:03ca8dd8-1906-4332-8757-1751fa72c0c4,aud:22b466bf-5864-453d-ab1d-7c5b894c26f1,0.06211384759827675,0.0,0.0,0.0,0.0,0.0,0.0,0.0
bot:03ca8dd8-1906-4332-8757-1751fa72c0c4,aud:d08faf8e-c2b5-4126-a9df-cf42b084f78b,0.05659365450490343,0.0,0.0,0.0,0.0,0.0,0.0,0.0
bot:03f98678-14bf-4fad-8346-6bd2f08b4e03,aud:158895c3-fb1b-45ee-8cac-3f60eb37c9a6,0.0,0.0,0.9999999999999994,0.0,1.0,0.0,0.0,0.0
bot:03f98678-14bf-4fad-8346-6bd2f08b4e03,aud:2d3adcc9-9a65-4f98-a300-8086768f3b94,1.0,0.0,0.9999999999999994,0.0,1.0,0.0,0.0,0.0
bot:03f98678-14bf-4fad-8346-6bd2f08b4e03,aud:9612f946-f1d9-4a51-9e5a-b8a0d13ff18e,0.0,0.0,0.9999999999999994,0.0,1.0,0.0,0.0,0.0
bot:03f98678-14bf-4fad-8346-6bd2f08b4e03,aud:d8dac75f-f8f7-47f5-96c4-8513cd7ea4db,0.0,0.0,0.9999999999999994,0.0,1.0,0.0,0.0,0.0
bot:03f98678-14bf-4fad-8346-6bd2f08b4e03,aud:f75d9f59-6e35-40f8-991d-38f9e40eb987,0.01311241515117359,0.0,0.9999999999999994,0.0,1.0,0.0,0.0,0.0
bot:03ff6615-5cd7-4ec6-b469-6c195ad6e9d3,aud:dc63c369-2832-4974-be89-0f6117ed014e,0.15390768683812814,0.0,0.0,0.0,0.0,0.0,0.0,0.0
bot:04d06381-56a9-497d-9d0c-e071385b66a3,aud:40d24fb3-ee87-46f2-b62a-5d540f0ceae1,0.033945565725928294,0.0,0.0,0.0,1.0000000000000002,0.0,0.0,0.0
bot:04e40844-fa5e-4f31-a7ef-23748ad4365c,aud:0fd5f733-3f84-495a-8851-fb8fe202a262,0.06255537590592633,0.0,0.0,0.0,0.0,0.0,0.0,0.0
bot:0619e3c1-00af-43e5-ad8d-c695f37bdad5,aud:5cacb76a-a76e-407c-b3de-a6262c545dd9,0.0388908904300579,0.0,0.0,0.0,0.0,0.0,0.0,0.0
bot:0626d293-b818-4a17-bfed-55cdc1928974,aud:34088fb5-6218-45ba-b209-c8333cbcacf2,0.029939137504013703,0.0,0.0,0.0,0.0,0.0,0.0,0.0
bot:0628b288-5fcb-43b5-a772-109289ac40df,aud:3d3608a4-9055-4a40-b06a-23a26d641375,0.0,0.0,0.0,0.0,0.0,0.0,0.0,0.0
bot:06caec86-0cb0-4ea1-aa30-78e8c572b7d1,aud:5af951d7-a415-4d2b-8a5f-e12260205dc8,0.02458821997551489,0.0,0.0,0.0,0.0,0.0,0.0,0.0
bot:092cd98d-34e1-44ac-9c27-7e1910d4bfa5,aud:5af951d7-a415-4d2b-8a5f-e12260205dc8,0.01730219754474093,0.0,0.0,0.0,0.0,0.0,0.0,0.0
bot:0a143af0-1450-40a5-b1e7-bca25b071066,aud:4068cbd6-92ed-470c-832a-6adc9fe3f8ea,0.014479845095619911,0.0,0.0,0.0,0.0,0.0,0.0,0.0
bot:0a3dc8a4-0a0f-4f8a-a6f6-b933195b892b,aud:c4e0d595-7e4f-4e41-b126-48bddf1028a8,0.022639739233635933,0.0,0.0,0.0,0.4803693025925824,0.0,0.0,0.0
bot:0a3dc8a4-0a0f-4f8a-a6f6-b933195b892b,aud:f97d5b71-28e8-4699-8019-43c50d2a7b68,0.0,0.0,1.0000000000000002,1.0,1.0000000000000002,0.0,0.0,0.0
bot:0a914775-ad81-4bc1-80d3-fa9bd51f4ef2,aud:88ebadc8-5c4f-4cbe-8a8b-bf4568235334,0.13227485941109285,0.0,0.0,0.0,0.0,0.0,0.0,0.0
bot:0ab6792b-d2d1-4343-981f-24769d0ee314,aud:fd1d7918-2533-4d28-a1c3-aa51f6f69a85,0.024582077610466338,0.0,0.0,0.0,0.5215554669138339,0.0,0.0,0.0
bot:0cc7b968-47bf-474b-a14f-d31e95068702,aud:7325dc5b-d813-4df4-832d-8c176cb2a778,0.013515119731215924,0.0,0.0,0.0,0.08020295246523934,0.0,0.0,0.0
bot:0d093d69-d2fb-4834-9df0-f397b1c7dfc6,aud:0fd5f733-3f84-495a-8851-fb8fe202a262,0.0,0.0,1.0,0.0,1.0,0.0,0.0,0.0
bot:0d093d69-d2fb-4834-9df0-f397b1c7dfc6,aud:29754f02-0b74-49e5-9108-eac77f055895,0.04066134341243221,0.0,0.0,0.0,0.0,0.0,0.0,0.0
bot:0d093d69-d2fb-4834-9df0-f397b1c7dfc6,aud:5c257567-c3f7-4ca8-bf81-25649db072a9,0.04066134341243221,0.0,0.0,0.0,0.0,0.0,0.0,0.0
bot:0dac5fe2-7efb-489b-a2f3-186d9c9f2f13,aud:701b7194-309f-4457-9d46-7472713672ac,0.018877624146835737,0.11666236717543411,0.0,0.0,0.0,0.0,0.0,0.0
bot:0df8fc58-0e54-449a-8e59-27346ef494a5,aud:896a6acb-d722-448f-b441-7148436420dd,0.0,0.0,0.0,0.0,0.0,0.0,0.0,0.0
bot:0df8fc58-0e54-449a-8e59-27346ef494a5,aud:9d851499-866c-4371-b9ee-0d9bc8d9aba2,0.0,0.0,0.0,0.0,0.12216912880616734,0.0,0.0,0.0
bot:0e18e2b0-27f8-49f2-a096-113056348e19,aud:79e1ebdd-2a31-4b16-8f89-fa86af80425e,0.048522060676346526,0.0,0.0,0.0,0.0,0.0,0.0,0.0
bot:0e18e2b0-27f8-49f2-a096-113056348e19,aud:f97d5b71-28e8-4699-8019-43c50d2a7b68,0.03584690594658679,0.0,0.0,0.0,0.0,0.0,0.0,0.0
bot:0e5cce62-aa85-4af6-93ea-b1547e7f51f7,aud:0c71f497-f1cd-42f6-97db-1d08c8b80212,0.39792591114881093,0.0,0.0,0.0,0.0,0.0,0.0,0.0
bot:0efc2f03-65c5-4654-8238-4dcc7bc1c96a,aud:295dde06-1937-4dfd-9a5a-4e6cf285e613,0.0,0.0,1.0000000000000002,0.0,1.0,0.0,0.0,0.0
bot:0efc2f03-65c5-4654-8238-4dcc7bc1c96a,aud:3b96c30b-d9b6-4330-a0e2-7e0bd5feffb1,0.0,0.0,0.0,0.0,0.783562841608779,0.0,0.0,0.0
bot:0efc2f03-65c5-4654-8238-4dcc7bc1c96a,aud:e82e5be9-de17-402d-948d-1d3dcfd03577,1.0000000000000002,0.0,1.0000000000000002,0.0,1.0,0.0,0.0,0.0
bot:0f035e04-e086-4ef4-a4a3-4cee09738bff,aud:3b96c30b-d9b6-4330-a0e2-7e0bd5feffb1,0.05673187693064768,0.0,0.0,0.0,0.0,0.0,0.0,0.0
bot:0f21659f-9f9b-462d-b0ba-6866cd7a4a05,aud:e92ed4ec-26c7-4d3b-b6af-d81ff067b3ea,0.393405101678588,0.0,0.0,0.0,0.0,0.0,0.0,0.0
bot:0f59633a-0271-472f-9a6f-32963090cd93,aud:0c71f497-f1cd-42f6-97db-1d08c8b80212,0.23529273086160843,0.0,0.0,0.0,0.0,0.0,0.0,0.0
bot:0f7f52fb-8b42-4467-933b-40e52c9694a3,aud:e92ed4ec-26c7-4d3b-b6af-d81ff067b3ea,0.4492049810709815,0.0,0.0,0.0,0.0,0.0,0.0,0.0
bot:0f9af60b-4c7c-4366-84fb-01a67c4bf62f,aud:7325dc5b-d813-4df4-832d-8c176cb2a778,0.017617524551937505,0.0,0.0,0.0,0.24331256882058666,0.0,0.0,0.0
bot:1108f3c3-e798-49da-bf2c-85928039fe1a,aud:e2b875bf-bb9a-4e3e-9d82-9fd6194d10c1,0.0,0.0,0.0,0.0,0.0,0.0,0.0,0.0
bot:1147128c-9851-4392-941e-9cd2ebe1dc91,aud:acc0f6d8-62f3-48cb-a436-544a02f43910,0.0,0.0,0.0,0.0,0.0,0.0,0.0,0.0
bot:11d17ba6-6771-4e32-ae02-80d77504f265,aud:fd1d7918-2533-4d28-a1c3-aa51f6f69a85,0.0,0.0,0.0,0.0,0.47979066279205895,0.0,0.0,0.0
bot:13112273-147c-4065-adc5-bf0f443999f5,aud:4fd48839-a92c-4819-8853-f17b8e879872,0.40393909051088694,0.015651935978389896,0.0,0.0,0.0,0.0,0.0,0.0
bot:131b77ed-d6aa-44ed-b1aa-f748abac8128,aud:e2b875bf-bb9a-4e3e-9d82-9fd6194d10c1,0.0,0.0,0.0,0.0,0.0,0.0,0.0,0.0
bot:13627bd4-2020-48b4-9ec7-27b7f6f0b865,aud:0592a82a-37f5-45ca-8768-9cf4cc37b38d,1.0000000000000002,1.0000000000000002,1.0000000000000002,0.0,1.0,0.0,0.0,0.0
bot:13627bd4-2020-48b4-9ec7-27b7f6f0b865,aud:1c1f536d-ce39-4389-96fb-fba84aff480e,0.014483688362884273,0.036176569939380274,0.0,0.0,0.0,0.0,0.0,0.0
bot:136ba9c9-3fa2-4773-91ab-9ca81d1051de,aud:982a9a5a-8823-47b9-9c88-850863d6ded6,1.0000000000000002,0.0,1.0,1.0,1.0,0.0,0.0,0.0
bot:13d83879-bea3-4505-9080-6fac4f646bea,aud:40d24fb3-ee87-46f2-b62a-5d540f0ceae1,0.006340739810947308,0.0,0.0,0.0,0.12488263085345194,0.0,0.0,0.0
bot:1453c25e-c841-46ff-b83c-8f91d700d1e4,aud:f4353d19-3617-443c-a1bc-7240981aecca,0.08025540598898573,0.0,0.0,0.0,0.1351087522595544,0.0,0.0,0.0
bot:14d023fa-fa8e-491a-997a-d9c12eaa236e,aud:ad229fca-662c-451d-a019-410bd9b0f260,0.44952293518163555,0.04277451845700992,0.0,0.0,0.0,0.0,0.0,0.0
bot:14e6aa1f-9e1d-4a9c-a16d-be75e54781cf,aud:7b54a2ff-3b51-4a7a-ab1c-cc6d29db1a12,1.0000000000000002,0.0,1.0,0.0,0.9999999999999999,0.0,0.0,0.0
bot:14e6aa1f-9e1d-4a9c-a16d-be75e54781cf,aud:ae6b776a-58d8-4520-a3cd-40d8bb9183a4,0.02557010199392924,0.0,0.0,0.0,0.0,0.0,0.0,0.0
bot:15672e49-ecde-41ad-bbff-a370c984425b,aud:e2b875bf-bb9a-4e3e-9d82-9fd6194d10c1,0.0,0.0,0.0,0.0,0.0,0.0,0.0,0.0
bot:15b6b2b3-a24d-40e5-8d5c-f4a8c6d6f592,aud:7a0e97ca-4b62-4d88-bf2d-4df82afd86e1,0.027074327148483596,0.0,0.0,0.0,0.0,0.0,0.0,0.0
bot:17ce8ed7-c0e9-4486-9ea7-a0c4788f0609,aud:31dd84b4-ea60-45de-964f-068cd27c7c36,0.0,0.0,1.0000000000000002,0.0,1.0,0.0,0.0,0.0
bot:17e31113-1634-410b-b100-ce1e63603c33,aud:79e1ebdd-2a31-4b16-8f89-fa86af80425e,0.0,0.022994340952533353,0.0,0.0,0.0,0.0,0.0,0.0
bot:17e31113-1634-410b-b100-ce1e63603c33,aud:de5d58a9-7bda-4b4c-beba-295076afb0a3,0.0,0.0,1.0,0.0,1.0000000000000002,0.0,0.0,0.0
bot:17e31113-1634-410b-b100-ce1e63603c33,aud:f97d5b71-28e8-4699-8019-43c50d2a7b68,0.0,0.0,0.0,0.0,0.0,0.0,0.0,0.0
bot:17eb489f-1a55-4f10-bfc2-f16dbbe0e405,aud:ea490d41-031e-4805-9cae-2d6406620f8c,0.0,0.0,0.0,0.0,0.2160896727464804,0.0,0.0,0.0
bot:186ad70e-6eee-4a87-9a65-b57f00bcb0e4,aud:7325dc5b-d813-4df4-832d-8c176cb2a778,0.01644608081913715,0.0,0.0,0.0,0.0,0.0,0.0,0.0
bot:190cab2d-b11d-434a-946e-954f33a5aaf7,aud:295dde06-1937-4dfd-9a5a-4e6cf285e613,0.027773288851388796,0.0,0.0,0.0,0.783562841608779,0.0,0.0,0.0
bot:190cab2d-b11d-434a-946e-954f33a5aaf7,aud:3b96c30b-d9b6-4330-a0e2-7e0bd5feffb1,0.0,0.0,0.0,0.0,1.0000000000000002,0.0,0.0,0.0
bot:190cab2d-b11d-434a-946e-954f33a5aaf7,aud:e82e5be9-de17-402d-948d-1d3dcfd03577,0.0,0.0,0.0,0.0,0.783562841608779,0.0,0.0,0.0
bot:194d4f8d-9402-41a6-a6cb-83ab74bf8669,aud:4068cbd6-92ed-470c-832a-6adc9fe3f8ea,0.012349238448076044,0.0,0.0,0.0,0.0,0.0,0.0,0.0
bot:1a4be49e-259e-43c9-8d55-e51f022410f6,aud:88ebadc8-5c4f-4cbe-8a8b-bf4568235334,0.0735067342836659,0.0,0.0,0.0,0.0,0.0,0.0,0.0
bot:1ad80162-eea5-474a-85ee-323f64150d74,aud:ed479a9c-1c72-42a9-8305-cfe7b46ab3f5,0.1139311138006826,0.0,0.0,0.0,0.0,0.0,0.0,0.0
bot:1b54a4c8-c9d2-49d5-b79c-9d837e909b68,aud:0fd5f733-3f84-495a-8851-fb8fe202a262,0.016153447532581192,0.0,0.0,0.0,0.0,0.0,0.0,0.0
bot:1b5feddd-2d29-4277-8441-1f1afd968268,aud:9d851499-866c-4371-b9ee-0d9bc8d9aba2,0.0,0.0,0.0,0.0,1.0000000000000002,0.0,0.0,0.0
bot:1be99c8f-b541-4c32-93e5-0197dd7654b1,aud:1b2bfd87-ead1-44e2-b991-51a782e2f908,0.0,0.0,1.0000000000000002,0.0,1.0000000000000002,0.0,0.0,0.0
bot:1be99c8f-b541-4c32-93e5-0197dd7654b1,aud:523faf60-6a2e-4be5-81d2-ecedc1aeb926,0.0,0.0,0.33099479252770325,0.0,1.0000000000000002,0.0,0.0,0.0
bot:1be99c8f-b541-4c32-93e5-0197dd7654b1,aud:9d851499-866c-4371-b9ee-0d9bc8d9aba2,1.0,0.0,1.0000000000000002,0.0,1.0000000000000002,0.0,0.0,0.0
bot:1c0a4023-8634-41ea-ae88-1b49b836347d,aud:85fd156f-866f-4b3d-b10e-9af7be531164,0.0,0.11076495347831822,1.0,0.0,1.0,0.0,0.0,0.0
bot:1cea40e6-6e92-4885-a15e-162b0f10ba37,aud:295dde06-1937-4dfd-9a5a-4e6cf285e613,0.032484441102114146,0.0,0.0,0.0,0.783562841608779,0.0,0.0,0.0
bot:1cea40e6-6e92-4885-a15e-162b0f10ba37,aud:3b96c30b-d9b6-4330-a0e2-7e0bd5feffb1,0.017193409853674412,0.0,0.0,0.0,1.0000000000000002,0.0,0.0,0.0
bot:1cea40e6-6e92-4885-a15e-162b0f10ba37,aud:e82e5be9-de17-402d-948d-1d3dcfd03577,0.0,0.0,0.0,0.0,0.783562841608779,0.0,0.0,0.0
bot:1cea40e6-6e92-4885-a15e-162b0f10ba37,aud:ed479a9c-1c72-42a9-8305-cfe7b46ab3f5,0.035218906295551994,0.0,0.0,0.0,0.0,0.0,0.0,0.0
bot:1d49888d-a31a-46c4-a401-99c7b4e3a9f7,aud:fbc01889-7361-439f-96b3-72f23bc47a5a,0.14455081952169913,0.0,0.0,0.0,0.0,0.0,0.0,0.0
bot:1d719df2-7ece-43fb-a231-26d55df88f0b,aud:982a9a5a-8823-47b9-9c88-850863d6ded6,0.0,0.0,0.0,0.0,0.3845604981144398,0.0,0.0,0.0
bot:1d7835a8-381e-44d5-9aec-113e20bc74c3,aud:7b54a2ff-3b51-4a7a-ab1c-cc6d29db1a12,0.10187178404813421,0.0,0.0,0.0,0.0,0.0,0.0,0.0
bot:1d7835a8-381e-44d5-9aec-113e20bc74c3,aud:ae6b776a-58d8-4520-a3cd-40d8bb9183a4,0.013086723654144667,0.0,0.0,0.0,0.0,0.0,0.0,0.0
bot:1df33b06-74ee-49be-a363-b9db50efe74b,aud:65844882-d869-4a5c-9216-b2e36d74660a,1.0,0.0,1.0000000000000002,0.0,1.0,0.0,0.0,0.0
bot:1ee5f9e7-3556-44fa-86fa-e00c837969dd,aud:982a9a5a-8823-47b9-9c88-850863d6ded6,0.019734193666964616,0.0,0.0,0.0,0.6846307101493622,0.0,0.0,0.0
bot:2180a48f-e772-4ca9-abe2-6d3c837637ac,aud:1e8c0778-f3fe-4227-b084-32925bb732f6,1.0,0.0,1.0000000000000002,0.0,1.0000000000000002,0.0,0.0,0.0
bot:225bc9be-5581-4d00-806e-f714cb8eb87c,aud:e2b875bf-bb9a-4e3e-9d82-9fd6194d10c1,0.0,0.0,0.0,0.0,1.0,0.0,0.0,0.0
bot:2266b6a2-db2c-4f1e-a71a-cf435d763afa,aud:b3e54574-d42b-4b1d-be77-429f75c9ba6f,0.033184977913022065,0.0,0.0,0.0,0.0,0.0,0.0,0.0
bot:23a72261-c444-47e2-8e1d-c83c959b93ba,aud:ed479a9c-1c72-42a9-8305-cfe7b46ab3f5,0.02794948643267637,0.0,0.0,0.0,0.09961561125195695,0.0,0.0,0.0
bot:23b1b81a-b876-4a08-b9f7-1f46553b9b61,aud:7b54a2ff-3b51-4a7a-ab1c-cc6d29db1a12,0.02557010199392924,0.0,0.0,0.0,0.0,0.0,0.0,0.0
bot:23b1b81a-b876-4a08-b9f7-1f46553b9b61,aud:ae6b776a-58d8-4520-a3cd-40d8bb9183a4,1.0,0.0,1.0,0.0,1.0,0.0,0.0,0.0
bot:2561d6fd-4d97-4bd3-bd50-3321129ae5f0,aud:1b2bfd87-ead1-44e2-b991-51a782e2f908,0.06037544373336301,0.0,0.0,0.0,0.0,0.0,0.0,0.0
bot:257f774d-54c5-4470-bcb6-5a3325c75684,aud:64ae5943-de86-4879-a180-640c146e6a3a,0.025851954369568313,0.0,0.0,0.0,0.0,0.0,0.0,0.0
bot:2676ee92-80e1-47c0-9d8d-847066db04ca,aud:3b96c30b-d9b6-4330-a0e2-7e0bd5feffb1,0.036290694420449396,0.0,0.0,0.0,0.0,0.0,0.0,0.0
bot:27c73faf-94c0-4510-a8ee-c6a713c4448f,aud:9d851499-866c-4371-b9ee-0d9bc8d9aba2,0.0,0.0,1.0000000000000002,0.0,1.0000000000000002,0.0,0.0,0.0
bot:27d8de5b-a728-4327-9aab-758a19b5ea1c,aud:701b7194-309f-4457-9d46-7472713672ac,0.0167222186616156,0.0,0.0,0.0,0.0,0.0,0.0,0.0
bot:27ee1913-c3e1-47b2-872c-caf9036b6f9e,aud:8610e97e-da47-4e95-a701-dd64d8d20d56,0.0,0.03690794189395339,0.0,0.0,0.2880603503754463,0.0,0.0,0.0
bot:2880a995-f2b6-4a38-ac10-91c78a990396,aud:4326b8df-9a0f-4e25-a183-af4102b336d8,0.0,0.0,0.0,0.0,0.5198563504706281,0.0,0.0,0.0
bot:2880a995-f2b6-4a38-ac10-91c78a990396,aud:e73ab197-73b8-4428-a416-9ade5ddd4e3e,0.0,0.0,0.0,0.0,0.3262956147610688,0.0,0.0,0.0
bot:29829915-6572-4f4d-a314-e7009fc452b6,aud:a4bbb1ed-1085-4547-aa27-73f60d56e0a4,0.0,0.0,0.0,0.0,0.0,0.0,0.0,0.0
bot:2a4e39b8-e095-4291-8c98-30b4a1be5efc,aud:3048a828-349f-49f6-b111-a5da007ee2ca,0.2542116375000174,0.0,0.0,0.0,0.0,0.0,0.0,0.0
bot:2a737b7c-245e-4751-814f-aa66df228cb3,aud:896a6acb-d722-448f-b441-7148436420dd,0.0,0.0,0.0,0.0,0.0,0.0,0.0,0.0
bot:2a8c0104-e3f6-4190-b2f5-d70a2ca10ab7,aud:fd1d7918-2533-4d28-a1c3-aa51f6f69a85,0.027904814763405675,0.0,0.0,0.0,0.5215554669138339,0.0,0.0,0.0
bot:2b8b3775-7bdc-4193-929c-e36a7f0049c4,aud:7a0e97ca-4b62-4d88-bf2d-4df82afd86e1,0.08431750878921336,0.0,0.0,0.0,0.0,0.0,0.0,0.0
bot:2bd9f471-449e-4b0a-967e-c459c9ec666d,aud:ed479a9c-1c72-42a9-8305-cfe7b46ab3f5,0.1078488062855261,0.0,0.0,0.0,0.0,0.0,0.0,0.0
bot:2be31030-b58b-45c6-b88f-e10c77a71d14,aud:4a657c51-2f84-4f16-a277-87b7d83735c4,0.0,0.0,0.0,0.0,0.0,0.0,0.0,0.0
bot:2c37db66-17c5-41a6-8a37-a488eaf8f703,aud:dc63c369-2832-4974-be89-0f6117ed014e,1.0,0.0,1.0,1.0,1.0000000000000002,0.0,0.0,0.0
bot:2d8bf74a-4321-4105-a029-5cb735cc830f,aud:158895c3-fb1b-45ee-8cac-3f60eb37c9a6,0.0,0.0,0.9999999999999994,0.0,1.0,0.0,0.0,0.0
bot:2d8bf74a-4321-4105-a029-5cb735cc830f,aud:2d3adcc9-9a65-4f98-a300-8086768f3b94,0.02014618504107917,0.0,0.9999999999999994,0.0,1.0,0.0,0.0,0.0
bot:2d8bf74a-4321-4105-a029-5cb735cc830f,aud:9612f946-f1d9-4a51-9e5a-b8a0d13ff18e,0.0,0.022297005037635504,0.9999999999999994,0.0,1.0,0.0,0.0,0.0
bot:2d8bf74a-4321-4105-a029-5cb735cc830f,aud:d8dac75f-f8f7-47f5-96c4-8513cd7ea4db,0.0,0.02009291812234989,0.9999999999999994,0.0,1.0,0.0,0.0,0.0
bot:2d8bf74a-4321-4105-a029-5cb735cc830f,aud:f75d9f59-6e35-40f8-991d-38f9e40eb987,0.6508634326765422,0.0,0.9999999999999994,0.0,1.0,0.0,0.0,0.0
bot:2d930bd2-ac29-461a-8d0d-8482d55e0c7a,aud:f9e31146-d576-49c5-b879-08a30109dc17,0.25157977325051906,0.0,0.0,0.0,0.0,0.0,0.0,0.0
bot:2dc959f1-97a4-4cdf-a309-7ba97a279bd5,aud:5cacb76a-a76e-407c-b3de-a6262c545dd9,0.011388843623826637,0.0,0.27761075779892735,0.0,0.0,0.0,0.0,0.0
bot:2dd02d9d-2729-4d60-9379-96c9915a0969,aud:3d3608a4-9055-4a40-b06a-23a26d641375,0.0,0.060559414101184206,0.0,0.0,0.0,0.0,0.0,0.0
bot:2e176eaf-a91a-490a-b5e9-907f2a39fc22,aud:ed479a9c-1c72-42a9-8305-cfe7b46ab3f5,0.050775803518043006,0.0,0.0,0.0,0.0,0.0,0.0,0.0
bot:2ea12a68-2ad9-414b-8d02-0269ba23e7ed,aud:85fd156f-866f-4b3d-b10e-9af7be531164,0.0,0.0,1.0,0.0,1.0,0.0,0.0,0.0
bot:2ed1e545-2e24-4175-9f18-3cc783e34be8,aud:7325dc5b-d813-4df4-832d-8c176cb2a778,1.0,0.0,1.0000000000000002,0.0,1.0000000000000002,0.0,0.0,0.0
bot:2f8963ed-be62-4f51-b01a-92434d7d6fcf,aud:4fd48839-a92c-4819-8853-f17b8e879872,0.32147833346893384,0.0,0.0,0.0,0.0,0.0,0.0,0.0
bot:300189ec-5d8b-4b19-b812-691da2dedc78,aud:f75d9f59-6e35-40f8-991d-38f9e40eb987,0.041076766540078316,0.0,0.0,0.0,0.0,0.0,0.0,0.0
bot:311321b1-7f4d-4a9f-8261-44520d18ebf2,aud:f4353d19-3617-443c-a1bc-7240981aecca,0.038288134221948274,0.0,0.0,0.0,0.0,0.0,0.0,0.0
bot:315ee06d-7bb1-49d0-9f0c-c2294078061f,aud:5b7d8914-cc35-432f-8df0-e84b57f92ae1,0.13363057883719706,0.0,0.0,0.0,0.0,0.0,0.0,0.0
bot:317a7dfb-7610-4af5-87a1-fa954d115e2d,aud:5af951d7-a415-4d2b-8a5f-e12260205dc8,0.04495588579991925,0.0,0.0,0.0,0.0,0.0,0.0,0.0
bot:31a713e4-ef88-4ebe-b1e2-022afdacfa00,aud:0c71f497-f1cd-42f6-97db-1d08c8b80212,0.03632926614610437,0.04729433031322767,0.0,0.0,0.0,0.0,0.0,0.0
bot:31ec46cb-6f20-49eb-8369-057d06a8a46f,aud:8610e97e-da47-4e95-a701-dd64d8d20d56,0.0,0.0,1.0,0.0,0.0,0.0,0.0,0.0
bot:32d7a79f-89a7-455e-9b99-f1c535e75081,aud:79e1ebdd-2a31-4b16-8f89-fa86af80425e,0.0,0.0,1.0000000000000002,0.0,1.0,0.0,0.0,0.0
bot:337c0a27-3ef2-414a-af1c-67a260dda062,aud:22b466bf-5864-453d-ab1d-7c5b894c26f1,0.019213997062287713,0.0,0.0,0.0,0.0,0.0,0.0,0.0
bot:337c0a27-3ef2-414a-af1c-67a260dda062,aud:d08faf8e-c2b5-4126-a9df-cf42b084f78b,0.05138982396077009,0.0,0.0,0.0,0.0,0.0,0.0,0.0
bot:3395c2a3-40d5-48c2-9ad0-a4de9d712627,aud:982a9a5a-8823-47b9-9c88-850863d6ded6,0.02288948633775206,0.0,0.0,0.0,0.5438018511558778,0.0,0.0,0.0
bot:33bc582d-8d74-4437-b63c-e3eb97624bdd,aud:1b2bfd87-ead1-44e2-b991-51a782e2f908,0.9999999999999998,0.0,1.0000000000000002,0.0,1.0000000000000002,0.0,0.0,0.0
bot:3467572d-a37c-4f83-9a90-7bd36dcf785d,aud:f4353d19-3617-443c-a1bc-7240981aecca,0.057724384949708205,0.0,0.0,0.0,0.0,0.0,0.0,0.0
bot:351d1f7e-de96-4927-a4ee-975cf217bc7e,aud:55f2ff9b-2a74-4dfb-8fae-230adb424f50,0.0,0.0,0.13570959712698477,0.0,0.11486707346834402,0.0,0.0,0.0
bot:351d1f7e-de96-4927-a4ee-975cf217bc7e,aud:87ee8004-c365-495f-a486-4cc2648ffe7e,0.0,0.0,0.13570959712698477,0.0,0.11486707346834402,0.0,0.0,0.0
bot:35a1775d-7474-45bf-8355-89f03a7be99a,aud:158895c3-fb1b-45ee-8cac-3f60eb37c9a6,0.0,0.054563315516553204,0.9999999999999994,0.0,1.0,0.0,0.0,0.0
bot:35a1775d-7474-45bf-8355-89f03a7be99a,aud:2d3adcc9-9a65-4f98-a300-8086768f3b94,0.0,0.10220896278217226,0.9999999999999994,0.0,1.0,0.0,0.0,0.0
bot:35a1775d-7474-45bf-8355-89f03a7be99a,aud:9612f946-f1d9-4a51-9e5a-b8a0d13ff18e,0.0,0.04921403365553489,0.9999999999999994,0.0,1.0,0.0,0.0,0.0
bot:35a1775d-7474-45bf-8355-89f03a7be99a,aud:d8dac75f-f8f7-47f5-96c4-8513cd7ea4db,1.0000000000000002,1.0000000000000002,0.9999999999999994,0.0,1.0,0.0,0.0,0.0
bot:35a1775d-7474-45bf-8355-89f03a7be99a,aud:f75d9f59-6e35-40f8-991d-38f9e40eb987,0.0,0.0,0.9999999999999994,0.0,1.0,0.0,0.0,0.0
bot:35e07d1b-799b-4aa2-8851-dca1a2175b10,aud:5af951d7-a415-4d2b-8a5f-e12260205dc8,0.016976460316992716,0.0,0.0,0.0,0.0,0.0,0.0,0.0
bot:363b480e-7efd-4a72-8cc6-750a86049fff,aud:f9e31146-d576-49c5-b879-08a30109dc17,0.27717471745720423,0.0,0.0,0.0,0.0,0.0,0.0,0.0
bot:365ed160-1af5-4576-b615-53688f1cadea,aud:0fd5f733-3f84-495a-8851-fb8fe202a262,0.026520774451132382,0.0,0.0,0.0,0.0,0.0,0.0,0.0
bot:36a298b9-c49c-49f8-8fe6-785ec52541dc,aud:1412b08f-ba8b-4db7-9b71-00bdb27562e6,1.0,0.0,1.0,0.0,1.0,0.0,0.0,0.0
bot:370004af-34c0-42b2-9e3b-d927b7d3d19f,aud:a4c19e89-9a75-4f01-8ee4-9b11e86f3e24,0.14963669804247903,0.0,0.0,0.0,0.0,0.0,0.0,0.0
bot:370004af-34c0-42b2-9e3b-d927b7d3d19f,aud:de5d58a9-7bda-4b4c-beba-295076afb0a3,0.23626223474382524,0.0,0.0,0.0,0.0,0.0,0.0,0.0
bot:3738d69a-537e-4792-8fbf-451ffe4f14a3,aud:9d851499-866c-4371-b9ee-0d9bc8d9aba2,0.0,0.0,0.0,0.0,0.0,0.0,0.0,0.0
bot:386e7d4b-44e3-4736-b20f-6add616bafff,aud:647515ca-4f9b-4888-8aa2-a939c931ed4a,0.2989311891539788,0.0,0.16191702095879978,0.0,0.0,0.0,0.0,0.0
bot:387b6fbe-02a8-43ff-9b43-c3f65033c70a,aud:2f4290b8-03e1-4c55-af97-3aa19cbd28fa,0.09174563545284752,0.0,0.0,0.0,0.0,0.0,0.0,0.0
bot:38e7781e-710a-497e-b0cc-198bb7528ffa,aud:ea490d41-031e-4805-9cae-2d6406620f8c,0.08835057575077598,0.0840584243681484,0.0,0.0,0.0,0.0,0.0,0.0
bot:39081f62-a04d-4226-a741-ddeead691f8d,aud:e82e5be9-de17-402d-948d-1d3dcfd03577,0.02750943186412327,0.04501935458981371,0.0,0.0,0.0,0.0,0.0,0.0
bot:39c0e2a3-6a27-42ab-81f1-e34868fee95a,aud:85fd156f-866f-4b3d-b10e-9af7be531164,0.0,0.0,0.0,0.0,0.0,0.0,0.0,0.0
bot:3a6c55af-dab8-4030-b463-6171f49cac26,aud:9ec1c681-b8fa-4b25-a2b9-de865e42881c,0.43299593520356255,0.0,1.0000000000000002,0.0,0.0,0.0,0.0,0.0
bot:3a8f322d-8612-47a7-90b9-1f2f6d9092fe,aud:85fd156f-866f-4b3d-b10e-9af7be531164,0.0,0.0,0.0,0.0,1.0,0.0,0.0,0.0
bot:3aa0a1ca-8bca-4f7f-b777-665831c77d0e,aud:64ae5943-de86-4879-a180-640c146e6a3a,0.005357578318209067,0.0,0.0,0.0,0.0,0.0,0.0,0.0
bot:3ab45eba-d798-443e-90b6-22d6abc0fbbc,aud:1412b08f-ba8b-4db7-9b71-00bdb27562e6,0.05710459398596781,0.0,0.0,0.0,0.0,0.0,0.0,0.0
bot:3ad993a9-df46-4caa-891d-e92b1deb18dc,aud:de4dd712-0da1-460a-97be-22d789b0d319,1.0000000000000002,0.0,1.0,0.0,1.0,0.0,0.0,0.0
bot:3ba79b15-3490-4fd9-864b-9fd45f293838,aud:4068cbd6-92ed-470c-832a-6adc9fe3f8ea,0.18851515233191132,0.0,0.0,0.0,0.0,0.0,0.0,0.0
bot:3bf41755-772f-4a13-ae3e-3a9f6d8e3e8c,aud:b3e54574-d42b-4b1d-be77-429f75c9ba6f,0.026238832412883738,0.0,0.0,0.0,0.0,0.0,0.0,0.0
bot:3cda2e0d-842a-41ba-bdfa-6ddf10263cb3,aud:79e1ebdd-2a31-4b16-8f89-fa86af80425e,0.13140328609714347,0.03403384705334253,0.0,0.0,0.0,0.0,0.0,0.0
bot:3cda2e0d-842a-41ba-bdfa-6ddf10263cb3,aud:f97d5b71-28e8-4699-8019-43c50d2a7b68,0.0970775183934626,0.14163736105356733,0.0,0.0,0.0,0.0,0.0,0.0
bot:3d1073be-1781-45ab-98f4-2dac11bdcf21,aud:d9e018ea-cde0-4987-b9ba-a622000e10fb,0.0,0.029318854162713924,0.0,0.0,0.0,0.0,0.0,0.0
bot:3debbf9c-34f1-4573-8750-e14a109efd9e,aud:4326b8df-9a0f-4e25-a183-af4102b336d8,0.0,0.0,0.0,0.0,0.5198563504706281,0.0,0.0,0.0
bot:3debbf9c-34f1-4573-8750-e14a109efd9e,aud:e73ab197-73b8-4428-a416-9ade5ddd4e3e,0.0,0.0,0.0,0.0,0.3262956147610688,0.0,0.0,0.0
bot:3e49bc2a-5dbd-40df-b1bd-533f29a29adc,aud:efd241be-226d-4569-ac33-eff17beb97e3,0.0,0.0,1.0000000000000002,0.0,1.0,0.0,0.0,0.0
bot:3e53f2d1-7577-4451-aaf7-ccdbe76ae81e,aud:64ae5943-de86-4879-a180-640c146e6a3a,0.012052591841492578,0.0,0.15880569749676055,0.0,0.0,0.0,0.0,0.0
bot:3f3f3fea-0176-4c45-ac6c-0be999fe1605,aud:fee223e4-37ab-49e1-8adc-3c78958b5a20,0.3548477312112958,0.0,0.10351943373138463,0.0,0.0,0.0,0.0,0.0
bot:3fc00987-c052-4a69-a4f8-a9015458d03b,aud:7fe206a7-bfb2-4d82-9780-04434e3c7b2b,0.0,0.0,1.0,0.0,0.9999999999999999,0.0,0.0,0.0
bot:3fc00987-c052-4a69-a4f8-a9015458d03b,aud:d08faf8e-c2b5-4126-a9df-cf42b084f78b,0.0,0.0,0.0,0.0,0.14010344353542462,0.0,0.0,0.0
bot:3fe743d1-ec2a-40b1-9b22-f2ee58634d05,aud:5af951d7-a415-4d2b-8a5f-e12260205dc8,0.015116270572063824,0.040097808027597735,0.30863596207282884,0.0,0.0,0.0,0.0,0.0
bot:3fec84f1-79e0-4372-91a3-a62e41ad2dd1,aud:5af951d7-a415-4d2b-8a5f-e12260205dc8,0.03537426159859005,0.0,0.0,0.0,0.0,0.0,0.0,0.0
bot:4026dd1a-32a2-4915-850e-a07c53877deb,aud:158895c3-fb1b-45ee-8cac-3f60eb37c9a6,1.0000000000000002,1.0000000000000002,0.9999999999999994,0.0,1.0,0.0,0.0,0.0
bot:4026dd1a-32a2-4915-850e-a07c53877deb,aud:2d3adcc9-9a65-4f98-a300-8086768f3b94,0.0,0.006754802456043045,0.9999999999999994,0.0,1.0,0.0,0.0,0.0
bot:4026dd1a-32a2-4915-850e-a07c53877deb,aud:9612f946-f1d9-4a51-9e5a-b8a0d13ff18e,0.0,0.03775224015043173,0.9999999999999994,0.0,1.0,0.0,0.0,0.0
bot:4026dd1a-32a2-4915-850e-a07c53877deb,aud:d8dac75f-f8f7-47f5-96c4-8513cd7ea4db,0.0,0.054563315516553204,0.9999999999999994,0.0,1.0,0.0,0.0,0.0
bot:4026dd1a-32a2-4915-850e-a07c53877deb,aud:f75d9f59-6e35-40f8-991d-38f9e40eb987,0.0,0.0,0.9999999999999994,0.0,1.0,0.0,0.0,0.0
bot:40ced8dd-3e0a-42b6-9a62-2df095b3d241,aud:0592a82a-37f5-45ca-8768-9cf4cc37b38d,0.0675622874403185,0.0,0.0,0.0,0.11582856026978035,0.0,0.0,0.0
bot:40ced8dd-3e0a-42b6-9a62-2df095b3d241,aud:1c1f536d-ce39-4389-96fb-fba84aff480e,0.014440547487188236,0.0,0.0,0.0,0.0,0.0,0.0,0.0
bot:40ced8dd-3e0a-42b6-9a62-2df095b3d241,aud:85fd156f-866f-4b3d-b10e-9af7be531164,0.0966706768213127,0.0,0.0,0.0,1.0,0.0,0.0,0.0
bot:410cf5f8-b5b7-4a88-bd46-f2cd52ea18c7,aud:0c71f497-f1cd-42f6-97db-1d08c8b80212,0.020791016241633417,0.032420717390952786,0.0,0.0,0.0,0.0,0.0,0.0
bot:41241426-46d2-4f2e-a56d-6df2d39a65e5,aud:bf4936f8-feba-4db2-9906-982ad4b8d2c2,1.0000000000000002,0.0,1.0,0.0,1.0000000000000002,0.0,0.0,0.0
bot:418515b8-68df-42b5-b9b7-de99d3288485,aud:982a9a5a-8823-47b9-9c88-850863d6ded6,0.0,0.0,0.0,0.0,0.6636612526214296,0.0,0.0,0.0
bot:4187aac7-68a4-42e4-b2bd-f093c64a8865,aud:ae6b776a-58d8-4520-a3cd-40d8bb9183a4,0.0,0.0,1.0,1.0,1.0,0.0,0.0,0.0
bot:4293f697-4b66-4705-a09e-3c9f18f64663,aud:5af951d7-a415-4d2b-8a5f-e12260205dc8,0.01742941497233508,0.0,0.0,0.0,0.0,0.0,0.0,0.0
bot:4340dced-0592-4a61-b725-8be5d6272d71,aud:982a9a5a-8823-47b9-9c88-850863d6ded6,0.028472774797323942,0.0,0.0,0.0,0.6846307101493622,0.0,0.0,0.0
bot:43b8ddd5-45bc-4082-9619-74bf7cd18fd4,aud:7fe206a7-bfb2-4d82-9780-04434e3c7b2b,0.0,0.0,1.0,0.0,0.9999999999999999,0.0,0.0,0.0
bot:43b8ddd5-45bc-4082-9619-74bf7cd18fd4,aud:d08faf8e-c2b5-4126-a9df-cf42b084f78b,0.0,0.0,0.0,0.0,0.14010344353542462,0.0,0.0,0.0
bot:43c12ed5-a3db-4b0d-9f22-67ec0e8f96c1,aud:1b2bfd87-ead1-44e2-b991-51a782e2f908,0.3892011927391896,0.0,0.0,0.0,0.0,0.0,0.0,0.0
bot:4444f01d-e5be-4e82-9086-5732320a3306,aud:4fd48839-a92c-4819-8853-f17b8e879872,0.0,0.023097273370513167,1.0000000000000002,0.0,1.0000000000000002,0.0,0.0,0.0
bot:44b8779d-78b7-4798-94f8-ade535f67f17,aud:0c71f497-f1cd-42f6-97db-1d08c8b80212,0.019314824499943886,0.0,0.0,0.0,0.0,0.0,0.0,0.0
bot:459e9b43-8861-4b66-b7b1-1b0cd9e8b71a,aud:295dde06-1937-4dfd-9a5a-4e6cf285e613,0.03134483785610095,0.0,0.09934830677712665,0.0,1.0,0.0,0.0,0.0
bot:459e9b43-8861-4b66-b7b1-1b0cd9e8b71a,aud:3b96c30b-d9b6-4330-a0e2-7e0bd5feffb1,0.0,0.06794255944493509,0.0,0.0,0.783562841608779,0.0,0.0,0.0
bot:459e9b43-8861-4b66-b7b1-1b0cd9e8b71a,aud:e82e5be9-de17-402d-948d-1d3dcfd03577,0.02633111620918742,0.040107845790033986,0.09934830677712665,0.0,1.0,0.0,0.0,0.0
bot:460b876c-199a-4b47-9645-873822a3bcbe,aud:7325dc5b-d813-4df4-832d-8c176cb2a778,0.027121595377798378,0.0,0.0,0.0,0.24331256882058666,0.0,0.0,0.0
bot:465e8fe5-fc61-44d8-a3d5-9bb3e909d090,aud:40d24fb3-ee87-46f2-b62a-5d540f0ceae1,0.07920350457195531,0.0,0.0,0.0,0.1078208469728104,0.0,0.0,0.0
bot:470e9b96-771b-4456-ad37-02289d418186,aud:5af951d7-a415-4d2b-8a5f-e12260205dc8,0.056133470680363805,0.043924418291129357,0.0,0.0,0.0,0.0,0.0,0.0
bot:470e9b96-771b-4456-ad37-02289d418186,aud:9d851499-866c-4371-b9ee-0d9bc8d9aba2,0.0,0.08223979255867968,0.0,0.0,0.07478408534820867,0.0,0.0,0.0
bot:4784fdb6-a216-45de-add5-018414279518,aud:e92ed4ec-26c7-4d3b-b6af-d81ff067b3ea,0.26291975890554076,0.044903185753673004,0.0,0.0,0.0,0.0,0.0,0.0
bot:4785ba58-e102-483c-8126-10a2b1c14647,aud:0c71f497-f1cd-42f6-97db-1d08c8b80212,0.9999999999999999,1.0000000000000002,1.0,1.0000000000000002,1.0,0.0,0.0,0.0
bot:48291c76-e9dc-41b3-be7b-6c05a0ccf6c1,aud:701b7194-309f-4457-9d46-7472713672ac,0.015889455665622144,0.0,0.0,0.0,0.0,0.0,0.0,0.0
bot:4953aeb4-7cce-4997-8ae4-21a9baee54ae,aud:3b96c30b-d9b6-4330-a0e2-7e0bd5feffb1,0.04308417628447997,0.0,0.0,0.0,0.0,0.0,0.0,0.0
bot:4ae06ec5-aee6-42f8-a446-46904b13013d,aud:4326b8df-9a0f-4e25-a183-af4102b336d8,0.0,0.02624725622883218,0.0,0.0,0.19906591454257005,0.0,0.0,0.0
bot:4ae06ec5-aee6-42f8-a446-46904b13013d,aud:e73ab197-73b8-4428-a416-9ade5ddd4e3e,0.0,0.07700217076685624,0.0,0.0,0.8246742804129157,0.0,0.0,0.0
bot:4b205b19-9944-49f8-8ea1-f75ab9d7a364,aud:7fe206a7-bfb2-4d82-9780-04434e3c7b2b,0.0,0.0,0.0,0.0,0.29900052867317295,0.0,0.0,0.0
bot:4b205b19-9944-49f8-8ea1-f75ab9d7a364,aud:d08faf8e-c2b5-4126-a9df-cf42b084f78b,0.014462045260170787,0.0,0.0,0.0,0.10722491020474546,0.0,0.0,0.0
bot:4b4b5a4b-059c-4cb7-b5ba-bc1032d486f0,aud:f4353d19-3617-443c-a1bc-7240981aecca,0.015555717119591094,0.0,0.0,0.0,0.12320337207909576,0.0,0.0,0.0
bot:4b616e8a-f483-4d3a-9d30-49c4c4316337,aud:acc0f6d8-62f3-48cb-a436-544a02f43910,0.07013032268108801,0.0,0.0,0.0,0.0,0.0,0.0,0.0
bot:4bb74413-ffec-4d13-a3b2-bf86ca88e444,aud:de92c46d-1e8a-49a9-8b06-cdeea3638fb6,0.0,0.0,0.0,0.0,0.0,0.0,0.0,0.0
bot:4c0db296-1ccd-4843-a4db-a3531006dc57,aud:4068cbd6-92ed-470c-832a-6adc9fe3f8ea,0.015886301419417773,0.0,0.0,0.0,0.0,0.0,0.0,0.0
bot:4c7d1437-a393-45f1-bc89-a56e83c08ade,aud:64ae5943-de86-4879-a180-640c146e6a3a,0.01443668335801461,0.0,0.0,0.0,0.0,0.0,0.0,0.0
bot:4cd46a2d-e4bc-4d30-9700-b4c5ada5b5f8,aud:b3e54574-d42b-4b1d-be77-429f75c9ba6f,0.0,0.0,0.0,0.0,0.4266352465615207,0.0,0.0,0.0
bot:4d6314a2-8e68-4ce9-a1d9-26af0e058eb4,aud:332521e1-724f-40f8-81aa-28d4999b5f25,0.037927596239855865,0.0,0.0,0.0,0.0,0.0,0.0,0.0
bot:4db9077a-e0ae-4d7a-98c8-a31a74ba6b77,aud:dea79be0-a8da-46cb-b6be-b4d7530e570b,0.4479456824248063,0.0,0.0,0.0,0.0,0.0,0.0,0.0
bot:4dbcce62-5961-4e5a-abcc-2b32a3ab181c,aud:b361f8fc-102b-4d4f-bb8c-5421b812b5cb,0.0,0.0,0.0,0.0,0.0,0.0,0.0,0.0
bot:4ea1a33f-a643-45d5-ab11-5e74182665a2,aud:29754f02-0b74-49e5-9108-eac77f055895,0.0,0.07613271116528417,0.0,0.0,0.0,0.0,0.0,0.0
bot:50209203-a658-4fce-86f3-918a0cd5ebb5,aud:4326b8df-9a0f-4e25-a183-af4102b336d8,0.03495584178397035,0.0,0.0,0.0,0.5198563504706281,0.0,0.0,0.0
bot:50209203-a658-4fce-86f3-918a0cd5ebb5,aud:e73ab197-73b8-4428-a416-9ade5ddd4e3e,0.034370707018532426,0.0,0.0,0.0,0.3262956147610688,0.0,0.0,0.0
bot:5063f6c6-82a4-4bb5-83f4-3346385252b9,aud:5b7d8914-cc35-432f-8df0-e84b57f92ae1,1.0000000000000002,0.0,1.0000000000000002,0.0,1.0000000000000002,0.0,0.0,0.0
bot:509a0989-893f-4dbc-b988-cb46be63b1aa,aud:f4353d19-3617-443c-a1bc-7240981aecca,0.0,0.0,0.0,0.0,0.29910682193412474,0.0,0.0,0.0
bot:50dcb821-b6cf-4676-bff4-b3b1bcd131ee,aud:332521e1-724f-40f8-81aa-28d4999b5f25,0.0,0.0,0.0,0.0,0.0,0.0,0.0,0.0
bot:511c09ec-22e7-4b9e-979a-a659a66ee374,aud:fd1d7918-2533-4d28-a1c3-aa51f6f69a85,0.0702709232771082,0.01886907676970752,0.35345840427023717,0.0,1.0,0.0,0.0,0.0
bot:515de40e-a29a-44b8-acdc-4e1edcdf7618,aud:a4c19e89-9a75-4f01-8ee4-9b11e86f3e24,0.11975621297388589,0.0,0.0,0.0,0.0,0.0,0.0,0.0
bot:515de40e-a29a-44b8-acdc-4e1edcdf7618,aud:de5d58a9-7bda-4b4c-beba-295076afb0a3,0.14984190132930267,0.0,0.0,0.0,0.0,0.0,0.0,0.0
bot:51e69aad-5cf7-4fd4-a6dc-db5e8e338fd4,aud:7b54a2ff-3b51-4a7a-ab1c-cc6d29db1a12,0.18173088013882993,0.0,0.0,0.0,0.0,0.0,0.0,0.0
bot:51e69aad-5cf7-4fd4-a6dc-db5e8e338fd4,aud:ae6b776a-58d8-4520-a3cd-40d8bb9183a4,0.02206638689055168,0.0,0.0,0.0,0.0,0.0,0.0,0.0
bot:520f7044-b82a-4787-ad30-209db9b23b9b,aud:5af951d7-a415-4d2b-8a5f-e12260205dc8,0.018325541372304313,0.0,0.0,0.0,0.0,0.0,0.0,0.0
bot:527e2168-a264-46cb-8229-26cc634c1ead,aud:0592a82a-37f5-45ca-8768-9cf4cc37b38d,0.01728628947575693,0.0,0.0,0.0,0.0,0.0,0.0,0.0
bot:527e2168-a264-46cb-8229-26cc634c1ead,aud:1c1f536d-ce39-4389-96fb-fba84aff480e,0.03570456044195933,0.1601373219089601,0.0,0.0,0.0,0.0,0.0,0.0
bot:52c48cc7-fb0a-4ef0-8bcc-6fad4a27fee1,aud:d09c4706-0afe-4415-8a8b-d3b649138ee9,0.0,0.02941098610044947,1.0000000000000002,1.0,1.0,0.0,0.0,0.0
bot:53aa2f59-998a-4d15-bc8d-f71b48394690,aud:701b7194-309f-4457-9d46-7472713672ac,1.0000000000000002,1.0,1.0,0.0,1.0000000000000002,0.0,0.0,0.0
bot:54712c2a-618f-49e1-b732-de60aa2f1144,aud:3d3608a4-9055-4a40-b06a-23a26d641375,0.016515135606754626,0.0,0.0,0.0,0.0,0.0,0.0,0.0
bot:54712c2a-618f-49e1-b732-de60aa2f1144,aud:f193c4fe-074e-4644-a5cd-9fa618659921,0.04957320460318965,0.0,0.0,0.0,0.0,0.0,0.0,0.0
bot:5491df1f-4446-4099-9009-653e28e8c9fa,aud:ea490d41-031e-4805-9cae-2d6406620f8c,1.0,1.0,1.0000000000000002,0.0,1.0000000000000002,0.0,0.0,0.0
bot:54e15630-9c99-4d4c-9b13-985f1f7eda8c,aud:40d24fb3-ee87-46f2-b62a-5d540f0ceae1,0.0,0.0,0.0,0.0,0.0,0.0,0.0,0.0
bot:5538d3c6-212d-4b8f-b899-6828f508a03b,aud:179b919c-b103-4a04-8154-5003465d640c,0.03515755788035247,0.0,0.0,0.0,0.0,0.0,0.0,0.0
bot:554204cf-7a29-487e-9708-ab1dc644e43f,aud:3d3608a4-9055-4a40-b06a-23a26d641375,0.039280643126712325,0.0,0.0,0.0,0.0,0.0,0.0,0.0
bot:554204cf-7a29-487e-9708-ab1dc644e43f,aud:f193c4fe-074e-4644-a5cd-9fa618659921,0.07909115854784024,0.0,0.0,0.0,0.0,0.0,0.0,0.0
bot:55559c27-4114-4726-839c-a0b894ce88d2,aud:e92ed4ec-26c7-4d3b-b6af-d81ff067b3ea,0.420130477821593,0.023380081009431865,0.0,0.0,0.0,0.0,0.0,0.0
bot:55ae745f-77b1-42e7-968a-b1ac12932646,aud:29986673-809c-44de-bf19-29b598d31405,0.0,0.012279065726365782,0.0,0.0,0.0,0.0,0.0,0.0
bot:55ae745f-77b1-42e7-968a-b1ac12932646,aud:fbc01889-7361-439f-96b3-72f23bc47a5a,0.248283085169498,0.053290759121801645,0.0,0.0,0.0,0.0,0.0,0.0
bot:55fb2204-8b01-4baa-987e-99b1ca7538d5,aud:64ae5943-de86-4879-a180-640c146e6a3a,0.04126860983945647,0.0,0.0,0.0,0.0,0.0,0.0,0.0
bot:56581ce7-8779-463c-b28a-ac9b75948ab6,aud:4fd48839-a92c-4819-8853-f17b8e879872,0.3566323804533751,0.0,0.0,0.0,0.0,0.0,0.0,0.0
bot:56581ce7-8779-463c-b28a-ac9b75948ab6,aud:7325dc5b-d813-4df4-832d-8c176cb2a778,0.0601380770282344,0.0,1.0000000000000002,0.0,1.0000000000000002,0.0,0.0,0.0
bot:56a4592d-2dff-47d7-8c10-b4f413154976,aud:4fd48839-a92c-4819-8853-f17b8e879872,0.02012041231915582,0.0,0.0,0.0,0.0,0.0,0.0,0.0
bot:572cdcb6-8c90-4735-bd66-7c8c499ba194,aud:7772323e-979e-4adf-b72c-378413be57eb,0.5369328879207917,0.0,0.0,0.0,0.0,0.0,0.0,0.0
bot:572dfe02-ac1e-4a42-89b8-8683cf2361f4,aud:4fd48839-a92c-4819-8853-f17b8e879872,0.05837595877009462,0.0,0.0,0.0,0.0,0.0,0.0,0.0
bot:578a7ea3-f097-4ee2-9a7d-304054e70666,aud:093146fa-63c2-4cb3-8016-6442c944d010,0.08753413815890251,0.0,0.0,0.0,0.0,0.0,0.0,0.0
bot:57a1c8d2-7c43-4a61-bf0d-09050767455e,aud:ea490d41-031e-4805-9cae-2d6406620f8c,0.0,0.0,0.0,0.0,0.10234254083585624,0.0,0.0,0.0
bot:5895217f-2742-4d21-a115-a54364e643e6,aud:3b96c30b-d9b6-4330-a0e2-7e0bd5feffb1,0.018033686896533594,0.0,0.0,0.0,0.0,0.0,0.0,0.0
bot:58f2e6f9-274c-482d-8e83-9fb884fc1e0e,aud:e92ed4ec-26c7-4d3b-b6af-d81ff067b3ea,0.1186163829064019,0.0,0.0,0.0,0.0,0.0,0.0,0.0
bot:58f6d27c-8e12-484c-9992-d6df0310bd19,aud:5af951d7-a415-4d2b-8a5f-e12260205dc8,0.02011739792385666,0.0,0.0,0.0,0.2394711461818676,0.0,0.0,0.0
bot:58f6d27c-8e12-484c-9992-d6df0310bd19,aud:dcfc6666-03a2-4f3c-ba08-cc8c0ec8946b,0.018984246910101362,0.0,0.0,0.0,0.08995161036726705,0.0,0.0,0.0
bot:58f6d27c-8e12-484c-9992-d6df0310bd19,aud:ea0da6d0-c7b9-489d-8b57-07c9046731e5,0.04441315212968807,0.0,1.0000000000000002,0.0,1.0,0.0,0.0,0.0
bot:5990e306-6020-4f9d-95bd-b8155170ebf4,aud:3b96c30b-d9b6-4330-a0e2-7e0bd5feffb1,0.032421421375854076,0.0,0.0,0.0,0.0,0.0,0.0,0.0
bot:5990e306-6020-4f9d-95bd-b8155170ebf4,aud:85fd156f-866f-4b3d-b10e-9af7be531164,0.0518840627873548,0.0,1.0,0.0,1.0,0.0,0.0,0.0
bot:5a030aad-a529-467b-9825-619d7502baaf,aud:7fe206a7-bfb2-4d82-9780-04434e3c7b2b,0.04969208551868979,0.03333496147325972,0.0,0.0,0.0,0.0,0.0,0.0
bot:5a29da04-11d6-4a2c-9eb7-b5b542416941,aud:7772323e-979e-4adf-b72c-378413be57eb,0.6495206009205899,0.0,0.0,0.0,0.0,0.0,0.0,0.0
bot:5abad93a-1e40-4c12-8796-aead772dee2d,aud:3048a828-349f-49f6-b111-a5da007ee2ca,0.0045527970240438675,0.0,0.0,0.0,0.0,0.0,0.0,0.0
bot:5b032e56-271c-4932-a19c-c3894284e038,aud:2867257d-2554-427b-ba4d-3212febdedd0,0.0,0.0,0.0,0.0,0.0,0.0,0.0,0.0
bot:5b032e56-271c-4932-a19c-c3894284e038,aud:34088fb5-6218-45ba-b209-c8333cbcacf2,0.02346516970099045,0.0,0.0,0.0,0.0,0.0,0.0,0.0
bot:5b1c3779-ab39-4bcc-8157-084fac88c23d,aud:ed479a9c-1c72-42a9-8305-cfe7b46ab3f5,0.17148707507170757,0.0,0.0,0.0,0.0,0.0,0.0,0.0
bot:5b2446f0-7bef-456f-8a47-99f0352bd336,aud:2d3adcc9-9a65-4f98-a300-8086768f3b94,0.01304542027984662,0.0,0.09841214709101774,0.0,0.0,0.0,0.0,0.0
bot:5b8a33cd-6e52-42e5-afc6-7b37efce4114,aud:fd1d7918-2533-4d28-a1c3-aa51f6f69a85,0.0,0.0,0.0,0.0,0.5215554669138339,0.0,0.0,0.0
bot:5c4aba4e-ba46-4f7a-a8fc-bcf4642bd193,aud:7772323e-979e-4adf-b72c-378413be57eb,0.30311996717949236,0.0,0.0,0.0,0.0,0.0,0.0,0.0
bot:5cd4f603-6450-4ee5-88e9-1e6405978eb0,aud:3048a828-349f-49f6-b111-a5da007ee2ca,0.02921808861627584,0.0,0.0,0.0,0.0,0.0,0.0,0.0
bot:5d0a79c4-a00d-4d3d-969f-744a46a9c706,aud:0c71f497-f1cd-42f6-97db-1d08c8b80212,0.02109637187299948,0.0,0.0,0.0,0.0,0.0,0.0,0.0
bot:5d12a180-eab5-4288-baa7-ff1e19742509,aud:9d851499-866c-4371-b9ee-0d9bc8d9aba2,0.0,0.0,0.0,0.0,1.0000000000000002,0.0,0.0,0.0
bot:5d7462da-2484-47ba-959a-64e6686a4145,aud:a4bbb1ed-1085-4547-aa27-73f60d56e0a4,1.0000000000000002,0.0,1.0,1.0000000000000002,1.0,0.0,0.0,0.0
bot:5d91e90f-1fb5-4b27-ac1b-733b8c71ec16,aud:de4dd712-0da1-460a-97be-22d789b0d319,0.0,0.0,1.0,0.0,1.0,0.0,0.0,0.0
bot:5e801374-d417-4b03-9aa0-6a829e125653,aud:295dde06-1937-4dfd-9a5a-4e6cf285e613,0.0,0.0,0.0,0.0,0.0,0.0,0.0,0.0
bot:5e801374-d417-4b03-9aa0-6a829e125653,aud:3b96c30b-d9b6-4330-a0e2-7e0bd5feffb1,0.025222291717711575,0.0,0.0,0.0,0.0,0.0,0.0,0.0
bot:5e801374-d417-4b03-9aa0-6a829e125653,aud:e82e5be9-de17-402d-948d-1d3dcfd03577,0.0,0.0,0.0,0.0,0.0,0.0,0.0,0.0
bot:5ec11905-258d-479c-abea-f6efc264f6fb,aud:7325dc5b-d813-4df4-832d-8c176cb2a778,0.02014398471547034,0.0,0.0,0.0,0.0,0.0,0.0,0.0
bot:5f76ddfc-f906-4b80-b8cb-c9e452972533,aud:4068cbd6-92ed-470c-832a-6adc9fe3f8ea,0.014352887597847154,0.06784784519632522,0.0,0.0,0.0,0.0,0.0,0.0
bot:5fbaaa68-61d4-4de3-8470-ac9caa857621,aud:55f2ff9b-2a74-4dfb-8fae-230adb424f50,0.0,0.0,0.0,0.0,0.0,0.0,0.0,0.0
bot:6118a93b-cf95-4097-a893-980f27bdb2b4,aud:f75d9f59-6e35-40f8-991d-38f9e40eb987,0.13590227845094716,0.0,0.0,0.0,0.0,0.0,0.0,0.0
bot:6118a93b-cf95-4097-a893-980f27bdb2b4,aud:fd1d7918-2533-4d28-a1c3-aa51f6f69a85,0.0,0.0,0.0,0.0,0.5215554669138339,0.0,0.0,0.0
bot:61476e43-25cc-4cf3-baac-08affc5c78ae,aud:acc0f6d8-62f3-48cb-a436-544a02f43910,0.07341696282678767,0.08348385113977236,0.0,0.0,0.0,0.0,0.0,0.0
bot:617dff7f-7c3b-45fd-9782-9109bec13e34,aud:3d3608a4-9055-4a40-b06a-23a26d641375,0.04572917783897821,0.0,0.0,0.0,0.0,0.0,0.0,0.0
bot:617dff7f-7c3b-45fd-9782-9109bec13e34,aud:f193c4fe-074e-4644-a5cd-9fa618659921,0.03929136769357722,0.0,0.0,0.0,0.0,0.0,0.0,0.0
bot:61ab4781-f4dc-4d72-8beb-771bc1e32799,aud:47bab0ad-9926-4296-baf2-f7ee65d23854,1.0,0.0,1.0,0.0,1.0,0.0,0.0,0.0
bot:64fe99e3-c83c-4430-ae35-723a7fd02927,aud:7b54a2ff-3b51-4a7a-ab1c-cc6d29db1a12,0.022776837914032556,0.038419130842060875,0.0,0.0,0.0,0.0,0.0,0.0
bot:64fe99e3-c83c-4430-ae35-723a7fd02927,aud:ae6b776a-58d8-4520-a3cd-40d8bb9183a4,0.0393548290096433,0.027724077649229916,0.0,0.0,0.0,0.0,0.0,0.0
bot:65f38bc9-dc5c-4796-80fd-537bfa0b5394,aud:701b7194-309f-4457-9d46-7472713672ac,0.012463793250674565,0.0,0.0,0.0,0.0,0.0,0.0,0.0
bot:66589ee8-e5f6-4c82-b543-2785a1046b10,aud:9ec1c681-b8fa-4b25-a2b9-de865e42881c,0.014997107928775212,0.0,0.2937203520789129,0.0,0.0,0.0,0.0,0.0
bot:6678668a-72e7-4d20-8658-4bdbeadf351a,aud:9d851499-866c-4371-b9ee-0d9bc8d9aba2,0.10735103242674263,0.020043418265037524,0.0,0.0,0.08668974982310941,0.0,0.0,0.0
bot:66cd392b-aacd-4201-9f6e-5cc56e2956cf,aud:3048a828-349f-49f6-b111-a5da007ee2ca,0.005194587210815449,0.0,0.0,0.0,0.0,0.0,0.0,0.0
bot:66cd392b-aacd-4201-9f6e-5cc56e2956cf,aud:b8835d6a-feab-49c4-b975-f483e5cf075d,1.0000000000000002,0.0,1.0,0.0,0.9999999999999999,0.0,0.0,0.0
bot:674319b2-4a7e-4ea2-9371-a2f012697351,aud:ed479a9c-1c72-42a9-8305-cfe7b46ab3f5,0.028805430306768066,0.0,0.0,0.0,0.0,0.0,0.0,0.0
bot:6843d388-265e-4d90-8b60-4257a56b8c39,aud:5cacb76a-a76e-407c-b3de-a6262c545dd9,0.015351887830258731,0.0,0.0,0.0,0.0,0.0,0.0,0.0
bot:69517eac-9f75-4f00-ae62-49fe40bb5f9a,aud:79e1ebdd-2a31-4b16-8f89-fa86af80425e,0.7387754239395156,0.0,0.0,0.0,0.0,0.0,0.0,0.0
bot:69517eac-9f75-4f00-ae62-49fe40bb5f9a,aud:c4e0d595-7e4f-4e41-b126-48bddf1028a8,0.0,0.0,0.0,0.0,0.1866191164175222,0.0,0.0,0.0
bot:69517eac-9f75-4f00-ae62-49fe40bb5f9a,aud:f97d5b71-28e8-4699-8019-43c50d2a7b68,1.0000000000000002,0.0,1.0000000000000002,1.0,0.7507881808567077,0.0,0.0,0.0
bot:6a578a35-b2ad-4e66-b12c-7df6892d6704,aud:5af951d7-a415-4d2b-8a5f-e12260205dc8,0.009564487790703966,0.0,0.0,0.0,0.0,0.0,0.0,0.0
bot:6acfa20b-b0c8-418b-a437-3043577bfcc2,aud:40d24fb3-ee87-46f2-b62a-5d540f0ceae1,0.31348365313235355,0.0,0.0,0.0,0.07026426740056496,0.0,0.0,0.0
bot:6b1c4b3c-d71a-42d7-b298-31f69c81444a,aud:7a0e97ca-4b62-4d88-bf2d-4df82afd86e1,0.015037604613535694,0.0,0.0,0.0,0.0,0.0,0.0,0.0
bot:6b539e5c-9b35-4aa5-9930-ff9b4ac35167,aud:7a0e97ca-4b62-4d88-bf2d-4df82afd86e1,0.33530367746835454,0.0,0.0,0.0,0.0,0.0,0.0,0.0
bot:6bf47910-3a69-4036-a8ad-e5d0f483e647,aud:3b96c30b-d9b6-4330-a0e2-7e0bd5feffb1,0.034435905876094075,0.0,0.0,0.0,0.0,0.0,0.0,0.0
bot:6bf47910-3a69-4036-a8ad-e5d0f483e647,aud:7014608f-0dd7-46aa-80e8-f5b1910baf92,0.03828781301736715,0.0,0.0,0.0,0.0,0.0,0.0,0.0
bot:6cb815a8-2376-44c8-b411-2d791bd14398,aud:a4c19e89-9a75-4f01-8ee4-9b11e86f3e24,0.11377768689334244,0.0,0.0,0.0,0.0,0.0,0.0,0.0
bot:6cb815a8-2376-44c8-b411-2d791bd14398,aud:de5d58a9-7bda-4b4c-beba-295076afb0a3,0.17964423781773914,0.0,0.0,0.0,0.0,0.0,0.0,0.0
bot:6d193cf2-c405-4935-8f4e-9299b762c582,aud:c18d62f7-1b28-4e6e-bdbd-73b0a814c5cf,0.1374351597750903,0.0,0.0,0.0,0.0,0.0,0.0,0.0
bot:6d75c0bd-bb50-499d-8684-850d50217ce2,aud:9ec1c681-b8fa-4b25-a2b9-de865e42881c,0.4150708960374842,0.0,0.0,0.0,0.0,0.0,0.0,0.0
bot:6d75c0bd-bb50-499d-8684-850d50217ce2,aud:fd1d7918-2533-4d28-a1c3-aa51f6f69a85,0.0,0.0,0.0,0.0,0.16303264248766233,0.0,0.0,0.0
bot:6e777631-f50f-4d67-975a-43869729bcc8,aud:179b919c-b103-4a04-8154-5003465d640c,1.0,0.0,1.0000000000000004,0.0,1.0000000000000002,0.0,0.0,0.0
bot:6e777631-f50f-4d67-975a-43869729bcc8,aud:be15596f-2bfe-450a-9f75-2a80131ed992,0.0,0.0,1.0000000000000004,0.0,1.0000000000000002,0.0,0.0,0.0
bot:6f7cfd8c-e3dd-47fe-a7c7-9913c94912f8,aud:3048a828-349f-49f6-b111-a5da007ee2ca,0.02817241878282164,0.0,0.0,0.0,0.0,0.0,0.0,0.0
bot:6f878305-0192-4929-8329-8b74588fcdd6,aud:1b2bfd87-ead1-44e2-b991-51a782e2f908,0.05481595890544693,0.0,0.0,0.0,0.0,0.0,0.0,0.0
bot:6fbf8ef6-84f1-4a57-a0fd-8a20d597dc94,aud:4326b8df-9a0f-4e25-a183-af4102b336d8,0.0,0.011174125449802763,0.0,0.0,0.21208988372882076,0.0,0.0,0.0
bot:6fbf8ef6-84f1-4a57-a0fd-8a20d597dc94,aud:701b7194-309f-4457-9d46-7472713672ac,0.04394151765491413,0.007386218599340792,0.0,0.0,0.0,0.0,0.0,0.0
bot:6fbf8ef6-84f1-4a57-a0fd-8a20d597dc94,aud:e73ab197-73b8-4428-a416-9ade5ddd4e3e,0.0,0.01271327424054405,0.0,0.0,1.0,0.0,0.0,0.0
bot:702bb235-842c-4c2d-92d8-96624dca04e9,aud:acc0f6d8-62f3-48cb-a436-544a02f43910,0.0,0.0,0.0,0.0,0.0,0.0,0.0,0.0
bot:70782603-7956-4a2e-b46f-7bbe89bad3ef,aud:f75d9f59-6e35-40f8-991d-38f9e40eb987,0.0,0.0,0.0,0.0,0.0,0.0,0.0,0.0
bot:722062d8-3ff9-47fb-a7a9-c0c73747b53f,aud:22b466bf-5864-453d-ab1d-7c5b894c26f1,0.07030923538466298,0.0,0.0,0.0,0.0,0.0,0.0,0.0
bot:722062d8-3ff9-47fb-a7a9-c0c73747b53f,aud:d08faf8e-c2b5-4126-a9df-cf42b084f78b,0.0640607003062863,0.0,0.0,0.0,0.0,0.0,0.0,0.0
bot:72cf537a-6fa0-4dd9-8fbe-a21c836dfc2f,aud:c4e0d595-7e4f-4e41-b126-48bddf1028a8,0.0,0.0,0.0,0.0,0.0,0.0,0.0,0.0
bot:72cf537a-6fa0-4dd9-8fbe-a21c836dfc2f,aud:f97d5b71-28e8-4699-8019-43c50d2a7b68,0.0,0.0,0.0,0.0,0.0,0.0,0.0,0.0
bot:73192c3c-c612-425c-9747-1ff990b9a62d,aud:e92ed4ec-26c7-4d3b-b6af-d81ff067b3ea,0.07592586270185757,0.0,0.0,0.0,0.0,0.0,0.0,0.0
bot:732a5941-1d7c-4cb6-9436-b0eabab52215,aud:de4dd712-0da1-460a-97be-22d789b0d319,0.0,0.0,0.0,0.0,0.0,0.0,0.0,0.0
bot:73805e25-a49f-4692-a6d0-cc1d18fb9076,aud:1412b08f-ba8b-4db7-9b71-00bdb27562e6,0.0,0.0,0.0,0.0,0.19416338319260007,0.0,0.0,0.0
bot:73805e25-a49f-4692-a6d0-cc1d18fb9076,aud:7b54a2ff-3b51-4a7a-ab1c-cc6d29db1a12,0.029796784715696377,0.0,0.0,0.0,0.0,0.0,0.0,0.0
bot:73805e25-a49f-4692-a6d0-cc1d18fb9076,aud:ae6b776a-58d8-4520-a3cd-40d8bb9183a4,0.01239286765443757,0.0,0.0,0.0,0.0,0.0,0.0,0.0
bot:74d055e1-ac13-447c-ba05-3224dc691d5c,aud:4326b8df-9a0f-4e25-a183-af4102b336d8,0.0,0.0,0.0,0.0,0.5198563504706281,0.0,0.0,0.0
bot:74d055e1-ac13-447c-ba05-3224dc691d5c,aud:e73ab197-73b8-4428-a416-9ade5ddd4e3e,0.0,0.0,0.0,0.0,0.3262956147610688,0.0,0.0,0.0
bot:74d8cc86-1c39-4b08-9a3c-9b13028ae1a9,aud:c4e0d595-7e4f-4e41-b126-48bddf1028a8,0.0,0.0,0.0,0.0,0.0,0.0,0.0,0.0
bot:74d8cc86-1c39-4b08-9a3c-9b13028ae1a9,aud:f97d5b71-28e8-4699-8019-43c50d2a7b68,0.014517207011488835,0.0,0.0,0.0,0.0,0.0,0.0,0.0
bot:754fb1d1-1302-4b12-988b-c5a129113305,aud:76fa2770-7258-447e-a35f-04cec877f6f7,0.21861935444430658,0.0,0.0,0.0,0.0,0.0,0.0,0.0
bot:785eb5b6-3bf5-498c-bb02-772281064cfc,aud:f4353d19-3617-443c-a1bc-7240981aecca,0.02000808577377503,0.0,0.0,0.0,0.10768486254708376,0.0,0.0,0.0
bot:78700099-aa74-4e44-84d2-0bfc9902a448,aud:701b7194-309f-4457-9d46-7472713672ac,0.05595364737907181,0.0,0.0,0.0,0.15992049944616682,0.0,0.0,0.0
bot:78700099-aa74-4e44-84d2-0bfc9902a448,aud:f4353d19-3617-443c-a1bc-7240981aecca,0.05124902212831197,0.025429696560361828,0.0,0.0,0.1351087522595544,0.0,0.0,0.0
bot:78878201-5f9a-46b8-99e4-107bc78cd94f,aud:0fd5f733-3f84-495a-8851-fb8fe202a262,0.0,0.0,1.0,0.0,1.0,0.0,0.0,0.0
bot:78878201-5f9a-46b8-99e4-107bc78cd94f,aud:523faf60-6a2e-4be5-81d2-ecedc1aeb926,0.0,0.0,0.0,0.0,0.0,0.0,0.0,0.0
bot:790827e3-116e-4619-b4bd-289bfa4515aa,aud:4fd48839-a92c-4819-8853-f17b8e879872,0.05767303328650753,0.0,0.0,0.0,0.0,0.0,0.0,0.0
bot:7952320a-701f-4740-9a94-57d18cbad56d,aud:7325dc5b-d813-4df4-832d-8c176cb2a778,0.02098332141257051,0.0,0.0,0.0,0.24331256882058666,0.0,0.0,0.0
bot:79d4ea74-8d94-4032-91e6-51e8851b0ce5,aud:40d24fb3-ee87-46f2-b62a-5d540f0ceae1,0.06232203064691305,0.0,0.0,0.0,0.12488263085345194,0.0,0.0,0.0
bot:7a31e40e-697a-428d-a357-11cf0635a20f,aud:e92ed4ec-26c7-4d3b-b6af-d81ff067b3ea,0.29683273387187525,0.0,0.0,0.0,0.0,0.0,0.0,0.0
bot:7a488dcb-f6d4-430d-85fc-cf1f32255a29,aud:88ebadc8-5c4f-4cbe-8a8b-bf4568235334,1.0,0.0,1.0,1.0000000000000002,1.0000000000000002,0.0,0.0,0.0
bot:7a4d9f39-31f7-4af3-8a0b-0dcad86b5fee,aud:7325dc5b-d813-4df4-832d-8c176cb2a778,0.0,0.0,0.0,0.0,0.0,0.0,0.0,0.0
bot:7b75908c-75d8-4c27-ba8a-b727a42dba0b,aud:7772323e-979e-4adf-b72c-378413be57eb,0.2766822628257085,0.0,0.0,0.0,0.0,0.0,0.0,0.0
bot:7d5f02a9-2e04-4486-8803-844034baffc0,aud:7b54a2ff-3b51-4a7a-ab1c-cc6d29db1a12,0.12720407839807987,0.08899495920030134,0.0,0.0,0.0,0.0,0.0,0.0
bot:7d5f02a9-2e04-4486-8803-844034baffc0,aud:ae6b776a-58d8-4520-a3cd-40d8bb9183a4,0.027986368224556593,0.045081812433374134,0.0,0.0,0.0,0.0,0.0,0.0
bot:7d9ca997-3fe5-41e6-8df6-6bdbca082959,aud:982a9a5a-8823-47b9-9c88-850863d6ded6,0.0,0.0,0.0,0.0,0.6846307101493622,0.0,0.0,0.0
bot:7dc11bd8-1201-4d56-a8ed-18adf0c5cf9e,aud:ea490d41-031e-4805-9cae-2d6406620f8c,0.04821107502528876,0.0,0.0,0.0,0.13524400746651175,0.0,0.0,0.0
bot:7ded88dd-12fe-4110-b260-c33fe875fd87,aud:40d24fb3-ee87-46f2-b62a-5d540f0ceae1,0.18525527542250725,0.0,0.0,0.0,0.12488263085345194,0.0,0.0,0.0
bot:7f30c780-a00f-43d1-a459-861077745ff4,aud:1b2bfd87-ead1-44e2-b991-51a782e2f908,0.1403488866692494,0.0,0.0,0.0,0.0,0.0,0.0,0.0
bot:7f4de626-e58b-4e00-be48-fe0262b8802a,aud:295dde06-1937-4dfd-9a5a-4e6cf285e613,0.0,0.0,0.0,0.0,0.453674251248732,0.0,0.0,0.0
bot:7f4de626-e58b-4e00-be48-fe0262b8802a,aud:3b96c30b-d9b6-4330-a0e2-7e0bd5feffb1,0.0,0.0,0.0,0.0,0.2231862109103478,0.0,0.0,0.0
bot:7f4de626-e58b-4e00-be48-fe0262b8802a,aud:e82e5be9-de17-402d-948d-1d3dcfd03577,0.0,0.0,0.0,0.0,0.453674251248732,0.0,0.0,0.0
bot:7fb83c2f-aaf5-401d-afc5-33c3a132fdbc,aud:0fd5f733-3f84-495a-8851-fb8fe202a262,0.02978750074535628,0.0,0.0,0.0,0.08954216804261307,0.0,0.0,0.0
bot:7fbc2c1a-ebe2-4949-92e8-5969b5a292de,aud:f4353d19-3617-443c-a1bc-7240981aecca,0.023913150830208348,0.0,0.0,0.0,0.1351087522595544,0.0,0.0,0.0
bot:8077be87-adc4-4dd3-8972-d84756dc91d8,aud:896a6acb-d722-448f-b441-7148436420dd,1.0,0.0,1.0,1.0,1.0000000000000002,0.0,0.0,0.0
bot:80ab8890-d3bd-46f7-8202-2858fa7df3a2,aud:ed479a9c-1c72-42a9-8305-cfe7b46ab3f5,0.40966724184782477,0.0,0.0,0.0,0.0,0.0,0.0,0.0
bot:8162faa4-6ae4-4cce-96e0-a4a1f9f028a6,aud:e2b875bf-bb9a-4e3e-9d82-9fd6194d10c1,0.0,0.0,1.0,0.0,1.0,0.0,0.0,0.0
bot:81aa67dd-d309-4b9f-afa7-0c629ce68d41,aud:acc0f6d8-62f3-48cb-a436-544a02f43910,0.0,0.0,0.0,0.0,0.0,0.0,0.0,0.0
bot:81d460a9-e6b6-413e-82d2-a8c2bf1b734e,aud:4fd48839-a92c-4819-8853-f17b8e879872,0.37830071155472866,0.035968810191848215,0.0,0.0,0.0,0.0,0.0,0.0
bot:81df554b-9055-47e7-baed-9b8cc93fb8c2,aud:5af951d7-a415-4d2b-8a5f-e12260205dc8,0.016308447826028794,0.0,0.0,0.0,0.0,0.0,0.0,0.0
bot:81e6fa36-0c77-440b-9905-992aa49e549f,aud:1b2bfd87-ead1-44e2-b991-51a782e2f908,0.29070385390671577,0.0,0.0,0.0,0.0,0.0,0.0,0.0
bot:828d6cdb-28f7-46e2-8ad2-68001ccbb328,aud:b3e54574-d42b-4b1d-be77-429f75c9ba6f,0.027676965974429434,0.0,0.0,0.0,0.4266352465615207,0.0,0.0,0.0
bot:835cf39c-15e3-4a44-9b3c-5cee58178deb,aud:5af951d7-a415-4d2b-8a5f-e12260205dc8,0.018532250702784667,0.0,0.0,0.0,0.0,0.0,0.0,0.0
bot:83b3ff9f-e85a-4380-8ec1-cc58d880ce23,aud:295dde06-1937-4dfd-9a5a-4e6cf285e613,0.044184184397764566,0.0,0.0,0.0,0.453674251248732,0.0,0.0,0.0
bot:83b3ff9f-e85a-4380-8ec1-cc58d880ce23,aud:3b96c30b-d9b6-4330-a0e2-7e0bd5feffb1,0.015915563882458596,0.0,0.0,0.0,0.2231862109103478,0.0,0.0,0.0
bot:83b3ff9f-e85a-4380-8ec1-cc58d880ce23,aud:e82e5be9-de17-402d-948d-1d3dcfd03577,0.0,0.0,0.0,0.0,0.453674251248732,0.0,0.0,0.0
bot:83b3ff9f-e85a-4380-8ec1-cc58d880ce23,aud:ed479a9c-1c72-42a9-8305-cfe7b46ab3f5,0.03260137214127947,0.0,0.0,0.0,0.0,0.0,0.0,0.0
bot:83bf649c-b170-475b-8067-df1083eaf417,aud:e2b875bf-bb9a-4e3e-9d82-9fd6194d10c1,0.0,0.13546704330720122,0.0,0.0,0.0,0.0,0.0,0.0
bot:8419fba2-30e2-455e-91af-a0ab80c80afe,aud:7b54a2ff-3b51-4a7a-ab1c-cc6d29db1a12,0.018419067175752576,0.0,0.0,0.0,0.0,0.0,0.0,0.0
bot:8419fba2-30e2-455e-91af-a0ab80c80afe,aud:ae6b776a-58d8-4520-a3cd-40d8bb9183a4,0.007660727961263928,0.0,0.0,0.0,0.0,0.0,0.0,0.0
bot:84dd5dbc-93af-4975-b73d-a8e03e1ea354,aud:20051364-24c2-4b34-8372-0b6c73375861,0.4497989181166899,0.0,0.0,0.0,0.12729976744541194,0.0,0.0,0.0
bot:85490b7e-ab49-4fa3-8d35-68cd0ef9150e,aud:0c71f497-f1cd-42f6-97db-1d08c8b80212,0.04664451393793741,0.0,0.0,0.0,0.0,0.0,0.0,0.0
bot:85adabe3-2468-4ff0-8565-9ae481c9e1c1,aud:3b96c30b-d9b6-4330-a0e2-7e0bd5feffb1,0.04760090670952977,0.0,0.0,0.0,0.0,0.0,0.0,0.0
bot:85be4da4-da92-4f70-8175-d3a2c45a367e,aud:3d3608a4-9055-4a40-b06a-23a26d641375,0.3982267520782627,0.0,1.0,0.0,1.0,0.0,0.0,0.0
bot:85daba71-3eaa-485d-9889-88c481828ea4,aud:701b7194-309f-4457-9d46-7472713672ac,0.02578101481307908,0.009999704889503806,0.0,0.0,0.0,0.0,0.0,0.0
bot:873177d3-b640-4542-b4d8-128674399d63,aud:85fd156f-866f-4b3d-b10e-9af7be531164,0.11463567896988368,0.0,0.0,0.0,0.0,0.0,0.0,0.0
bot:874ce363-362e-439f-8dd1-e780787b7ed1,aud:e2b875bf-bb9a-4e3e-9d82-9fd6194d10c1,0.0,0.0,0.0,0.0,0.0,0.0,0.0,0.0
bot:8842a349-bd2d-4ced-b5c0-d099207aaa1f,aud:7a0e97ca-4b62-4d88-bf2d-4df82afd86e1,0.5237020210009575,0.0,0.0,0.0,0.0,0.0,0.0,0.0
bot:8842a349-bd2d-4ced-b5c0-d099207aaa1f,aud:9d851499-866c-4371-b9ee-0d9bc8d9aba2,0.0,0.0,0.0,0.0,0.0,0.0,0.0,0.0
bot:888d66e8-9522-46fe-9397-b01d38b47101,aud:7325dc5b-d813-4df4-832d-8c176cb2a778,0.22108590732733244,0.0,1.0000000000000002,0.0,1.0000000000000002,0.0,0.0,0.0
bot:888d66e8-9522-46fe-9397-b01d38b47101,aud:de92c46d-1e8a-49a9-8b06-cdeea3638fb6,0.0,0.0,0.0,0.0,0.0,0.0,0.0,0.0
bot:8891586a-01af-4589-b3a5-65a5d33f5d18,aud:dc63c369-2832-4974-be89-0f6117ed014e,0.0,0.03869105942563497,0.0,0.0,0.6035279315535114,0.0,0.0,0.0
bot:88d5d59d-f532-4bea-9a04-08bd0e8334e3,aud:9d851499-866c-4371-b9ee-0d9bc8d9aba2,0.0,0.0,1.0000000000000002,0.0,1.0000000000000002,0.0,0.0,0.0
bot:897e5477-6d1f-434a-a443-4b9728f9f84a,aud:2f4290b8-03e1-4c55-af97-3aa19cbd28fa,0.06617310121113837,0.0,0.0,0.0,0.0,0.0,0.0,0.0
bot:89b5bd67-649c-44cd-b015-2e9fb950acb7,aud:95015626-b672-4005-864d-bcebd998563e,0.0,0.0,0.0,0.0,0.43546612635144,0.0,0.0,0.0
bot:89e845db-abd5-499d-90fd-a46fed74c8f6,aud:ae809139-691d-4a62-91d0-3301d717c8f3,0.19191448743806389,0.0,0.0,0.0,0.0,0.0,0.0,0.0
bot:89e845db-abd5-499d-90fd-a46fed74c8f6,aud:f4353d19-3617-443c-a1bc-7240981aecca,0.9999999999999992,0.0,1.0000000000000002,0.0,1.0000000000000002,0.0,0.0,0.0
bot:8a7c667c-d3ca-4200-859c-76978eaf9acb,aud:5af951d7-a415-4d2b-8a5f-e12260205dc8,0.00912952344409987,0.0,0.0,0.0,0.0,0.0,0.0,0.0
bot:8bc23f50-673b-4f30-bd55-7a1cd10cb7fa,aud:bf4936f8-feba-4db2-9906-982ad4b8d2c2,0.0,0.03152144953591344,0.0,0.0,0.0,0.0,0.0,0.0
bot:8d0ead16-3968-4fa0-8438-08020d9cbba8,aud:093146fa-63c2-4cb3-8016-6442c944d010,0.0,0.0,0.0,0.0,0.0,0.0,0.0,0.0
bot:8d307e23-8a93-42fd-a7ab-0f9c2eeeba62,aud:ad229fca-662c-451d-a019-410bd9b0f260,0.0,0.0,0.0,0.0,0.0,0.0,0.0,0.0
bot:8dc0bc56-2874-41aa-b609-5904255ebb29,aud:64ae5943-de86-4879-a180-640c146e6a3a,0.05802764260532614,0.0,0.0,0.0,0.0,0.0,0.0,0.0
bot:8e0e6af8-2a99-4992-8d7d-edd370c260f0,aud:85fd156f-866f-4b3d-b10e-9af7be531164,0.0,0.005973229916907811,1.0,0.0,1.0,0.0,0.0,0.0
bot:8ed46c48-4003-481c-bd69-06951cacd17e,aud:0fd5f733-3f84-495a-8851-fb8fe202a262,0.11699882355707557,0.0,0.0,0.0,0.0,0.0,0.0,0.0
bot:903d7a7d-9964-4884-813c-e407bbb2e286,aud:3d3608a4-9055-4a40-b06a-23a26d641375,0.016515135606754626,0.017790578290686577,0.0,0.0,0.0,0.0,0.0,0.0
bot:903d7a7d-9964-4884-813c-e407bbb2e286,aud:f193c4fe-074e-4644-a5cd-9fa618659921,0.04957320460318965,0.0,0.0,0.0,0.0,0.0,0.0,0.0
bot:90e835f9-031e-400b-bebb-fad317f2e005,aud:9d851499-866c-4371-b9ee-0d9bc8d9aba2,0.0,0.0,0.0,0.0,0.1025586050227913,0.0,0.0,0.0
bot:91a6a346-b6b1-4c61-bebc-a3ded678f507,aud:f4353d19-3617-443c-a1bc-7240981aecca,0.0,0.0,0.0,0.0,0.0,0.0,0.0,0.0
bot:930c5582-5e19-48f7-9aa0-c69d1fb39e9f,aud:93ca1326-9ec1-4f4a-b4b2-27c13a0ebddd,0.0,0.0,0.0,0.0,0.0,0.0,0.0,0.0
bot:93324774-1d9f-4710-a4e4-21d33cc2e1fb,aud:ae6b776a-58d8-4520-a3cd-40d8bb9183a4,0.0,0.0,1.0,1.0,1.0,0.0,0.0,0.0
bot:93d4aa2e-a3aa-48ca-8b18-83d6af176ef0,aud:ae809139-691d-4a62-91d0-3301d717c8f3,0.0,0.0,0.0,0.0,0.0,0.0,0.0,0.0
bot:94c914af-8d46-4c19-8f4a-d7962723f66d,aud:e92ed4ec-26c7-4d3b-b6af-d81ff067b3ea,0.493957391823179,0.0,0.0,0.0,0.0,0.0,0.0,0.0
bot:950f0a5f-a067-4272-a84c-f7dc2aa72a07,aud:65844882-d869-4a5c-9216-b2e36d74660a,0.0,0.0,0.0,0.0,0.0,0.0,0.0,0.0
bot:96ef6c59-b504-4fab-8ccb-9dd26816d529,aud:701b7194-309f-4457-9d46-7472713672ac,0.0,0.02402485511403995,0.0,0.0,0.0,0.0,0.0,0.0
bot:97de38f6-6cf4-4c04-9832-ad5580e6654d,aud:3b96c30b-d9b6-4330-a0e2-7e0bd5feffb1,0.02500857116952525,0.09341018722147099,0.0,0.0,0.0,0.0,0.0,0.0
bot:97f3a26f-86cd-4b74-b4cd-b70b5f329f98,aud:0fd5f733-3f84-495a-8851-fb8fe202a262,1.0000000000000004,0.0,1.0,0.0,1.0,0.0,0.0,0.0
bot:98a0a507-bf83-4e7d-a236-863dcd5e7add,aud:e2b875bf-bb9a-4e3e-9d82-9fd6194d10c1,1.0,0.0,1.0,0.0,1.0,0.0,0.0,0.0
bot:98a53285-46d2-4741-9881-2f639be7f014,aud:5b7d8914-cc35-432f-8df0-e84b57f92ae1,0.0,0.0,1.0000000000000002,0.0,1.0000000000000002,0.0,0.0,0.0
bot:9929169f-6289-4483-baba-377b74231d00,aud:7a0e97ca-4b62-4d88-bf2d-4df82afd86e1,0.015055490631600431,0.0,0.0,0.0,0.0,0.0,0.0,0.0
bot:9a7b2c90-416d-459a-8ae1-e9f548c5c627,aud:dc63c369-2832-4974-be89-0f6117ed014e,0.2692899787134012,0.0,1.0,1.0,1.0000000000000002,0.0,0.0,0.0
bot:9a7b2c90-416d-459a-8ae1-e9f548c5c627,aud:e90f85b2-b301-4579-ad0a-99dd964124d1,1.0000000000000004,0.0,1.0,1.0,1.0000000000000002,0.0,0.0,0.0
bot:9ae1516d-783e-4176-8af9-e06acec15f6b,aud:2f4290b8-03e1-4c55-af97-3aa19cbd28fa,0.0,0.0,0.0,0.0,0.0,0.0,0.0,0.0
bot:9b6c754d-3b15-49ce-9deb-62c00f0f42ad,aud:fd1d7918-2533-4d28-a1c3-aa51f6f69a85,0.027373153517333604,0.0,0.35345840427023717,0.0,1.0,0.0,0.0,0.0
bot:9b72f830-4333-4031-a8fa-e2e8f4fe63fd,aud:29754f02-0b74-49e5-9108-eac77f055895,0.0,0.0,0.0,0.0,0.0,0.0,0.0,0.0
bot:9d298042-a3d6-4fd0-ae1c-b28990a7379b,aud:20051364-24c2-4b34-8372-0b6c73375861,0.9999999999999999,0.0,1.0000000000000002,0.0,0.6668843419582333,0.0,0.0,0.0
bot:9d374fec-df85-4ffe-8022-2c84fdd78e15,aud:64ae5943-de86-4879-a180-640c146e6a3a,0.0,0.18426893837149824,0.0,0.0,0.0,0.0,0.0,0.0
bot:9dc77f6f-a35f-457e-a16c-90a10f2d61d5,aud:87ee8004-c365-495f-a486-4cc2648ffe7e,0.0,0.0,0.0,0.0,0.0,0.0,0.0,0.0
bot:9e75aa83-e743-4e1b-bfa0-840da5548368,aud:8ea59b37-9132-4825-a571-cbd1b4256e8a,0.0,0.0,1.0000000000000002,0.0,1.0,0.0,0.0,0.0
bot:9ea1a508-cc35-4ffb-a2c9-9fd009769bef,aud:64ae5943-de86-4879-a180-640c146e6a3a,0.023900989887365005,0.0,0.0,0.0,0.0,0.0,0.0,0.0
bot:9f363a07-81ab-4c42-8104-7bdbd40625b5,aud:3b96c30b-d9b6-4330-a0e2-7e0bd5feffb1,0.031076564214759756,0.0,0.0,0.0,0.0,0.0,0.0,0.0
bot:9fea9451-aaa8-469d-ab71-73891ba769a9,aud:701b7194-309f-4457-9d46-7472713672ac,0.0,0.0,0.0,0.0,0.1321507026846833,0.0,0.0,0.0
bot:a0f67280-dc7b-4588-bb11-9460af3ad1c6,aud:65844882-d869-4a5c-9216-b2e36d74660a,0.0,0.0,0.0,0.0,0.2956447110444119,0.0,0.0,0.0
bot:a11a3549-62a0-4b07-b9ec-9922ce322c62,aud:2f4290b8-03e1-4c55-af97-3aa19cbd28fa,0.013640028370357368,0.0,0.0,0.0,0.0,0.0,0.0,0.0
bot:a181f013-b678-4ee7-aeeb-fff21bcd736a,aud:29986673-809c-44de-bf19-29b598d31405,0.2297764182886362,0.055060349348370084,1.0000000000000002,0.0,1.0000000000000002,0.0,0.0,0.0
bot:a181f013-b678-4ee7-aeeb-fff21bcd736a,aud:76fa2770-7258-447e-a35f-04cec877f6f7,1.0000000000000002,1.0,1.0000000000000002,0.0,1.0000000000000002,0.0,0.0,0.0
bot:a1a9874f-dc00-4ce1-937b-0404c3c0914a,aud:55f2ff9b-2a74-4dfb-8fae-230adb424f50,0.04770265713917298,0.0,0.0,0.0,0.0,0.0,0.0,0.0
bot:a1d10ac6-dc1e-4080-953b-39aab63e3319,aud:5af951d7-a415-4d2b-8a5f-e12260205dc8,0.018056366719974737,0.0,0.0,0.0,0.2394711461818676,0.0,0.0,0.0
bot:a1d10ac6-dc1e-4080-953b-39aab63e3319,aud:dcfc6666-03a2-4f3c-ba08-cc8c0ec8946b,0.0,0.0,0.0,0.0,0.08995161036726705,0.0,0.0,0.0
bot:a1d10ac6-dc1e-4080-953b-39aab63e3319,aud:ea0da6d0-c7b9-489d-8b57-07c9046731e5,0.01502964643850951,0.0,1.0000000000000002,0.0,1.0,0.0,0.0,0.0
bot:a1d44103-1823-4789-9df9-0017f7b164ae,aud:a4bbb1ed-1085-4547-aa27-73f60d56e0a4,0.0,0.09273472382824752,0.0,0.0,0.0,0.0,0.0,0.0
bot:a1fbf991-0c31-47b5-ab9f-1e67becd496b,aud:a4c19e89-9a75-4f01-8ee4-9b11e86f3e24,0.43394286945204635,0.0,0.0,0.0,0.0,0.0,0.0,0.0
bot:a1fbf991-0c31-47b5-ab9f-1e67becd496b,aud:de5d58a9-7bda-4b4c-beba-295076afb0a3,0.6851548679508003,0.0,0.0,0.0,0.0,0.0,0.0,0.0
bot:a253ab53-c1b7-4da4-83c0-b31875f6d208,aud:4fd48839-a92c-4819-8853-f17b8e879872,0.2777218559403535,0.021392169698006693,0.0,0.0,0.0,0.0,0.0,0.0
bot:a35fe41a-fa17-433e-9daa-98e058177131,aud:de4dd712-0da1-460a-97be-22d789b0d319,0.0,0.0,0.0,0.0,0.0,0.0,0.0,0.0
bot:a4a674de-3007-4b1d-946d-946817dff3bc,aud:9d851499-866c-4371-b9ee-0d9bc8d9aba2,0.0,0.03194905536476105,0.0,0.0,0.12216912880616734,0.0,0.0,0.0
bot:a50c378c-1f9e-4c7e-bcf3-5f5a2ccf89eb,aud:0f43e08c-6198-45c8-befb-4087e77962b7,0.21271106220308983,0.0711517947928421,0.0,0.0,0.0,0.0,0.0,0.0
bot:a5259e0b-4d98-4768-a086-e69aa9fb004d,aud:11060c09-fa16-4a59-878f-6e63f8232a58,0.0,0.0,0.0,0.0,0.0,0.0,0.0,0.0
bot:a568c4ba-c6f7-4f9d-bb55-c86c59c5211e,aud:e90f85b2-b301-4579-ad0a-99dd964124d1,0.1036198075400474,0.0,1.0,1.0,1.0000000000000002,0.0,0.0,0.0
bot:a568c4ba-c6f7-4f9d-bb55-c86c59c5211e,aud:f9e31146-d576-49c5-b879-08a30109dc17,1.0000000000000002,0.9999999999999991,1.0,1.0,1.0000000000000002,0.0,0.0,0.0
bot:a5fc63a1-293b-4768-bed2-4238d8bc097c,aud:3048a828-349f-49f6-b111-a5da007ee2ca,0.0,0.0,0.0,0.0,0.0,0.0,0.0,0.0
bot:a71496f4-0551-463e-b177-fff45f6f2855,aud:7fe206a7-bfb2-4d82-9780-04434e3c7b2b,0.0,0.0,0.0,0.0,0.15988225282523805,0.0,0.0,0.0
bot:a71496f4-0551-463e-b177-fff45f6f2855,aud:d08faf8e-c2b5-4126-a9df-cf42b084f78b,0.014306512691233396,0.0,0.0,0.0,0.7423552937459439,0.0,0.0,0.0
bot:a73d0829-8eb3-4078-aaba-60c7ae9a4248,aud:e2b875bf-bb9a-4e3e-9d82-9fd6194d10c1,0.0,0.0,1.0,0.0,1.0,0.0,0.0,0.0
bot:a76ffc5d-43d9-42f6-a324-f8e02d26eb00,aud:0fd5f733-3f84-495a-8851-fb8fe202a262,0.01484656412533348,0.0,0.0,0.0,0.0,0.0,0.0,0.0
bot:a7b46aaf-7273-4787-a058-411973742d3c,aud:b3e54574-d42b-4b1d-be77-429f75c9ba6f,0.0,0.0,0.0,0.0,0.4266352465615207,0.0,0.0,0.0
bot:a7f8ad11-79aa-4e9d-af0e-3865fd457a23,aud:e92ed4ec-26c7-4d3b-b6af-d81ff067b3ea,0.05195614446257129,0.0,0.0,0.0,0.0,0.0,0.0,0.0
bot:a847a280-3f58-4a7f-9631-80038c6770d8,aud:55f2ff9b-2a74-4dfb-8fae-230adb424f50,0.012301779794310436,0.0,0.0,0.0,0.23398088431934067,0.0,0.0,0.0
bot:a847a280-3f58-4a7f-9631-80038c6770d8,aud:701b7194-309f-4457-9d46-7472713672ac,0.029110272601761362,0.0,0.0,0.0,0.0,0.0,0.0,0.0
bot:a847a280-3f58-4a7f-9631-80038c6770d8,aud:87ee8004-c365-495f-a486-4cc2648ffe7e,0.012013188831834908,0.0,0.0,0.0,0.23398088431934067,0.0,0.0,0.0
bot:aa75417c-8b07-42d4-997b-f0b93d551760,aud:7a0e97ca-4b62-4d88-bf2d-4df82afd86e1,0.03844065996131167,0.0,0.0,0.0,0.10222793554444772,0.0,0.0,0.0
bot:aa97e71e-1277-42fe-b56d-a6d399dc7152,aud:647515ca-4f9b-4888-8aa2-a939c931ed4a,0.2873863998321003,0.0,0.0,0.0,0.0,0.0,0.0,0.0
bot:aafd742e-a8e5-44bb-b6ec-2bb89111f0ba,aud:34eeb21b-cf54-4dbb-b0ea-70792a789358,0.11686362638414956,0.0,0.0,0.0,0.0,0.0,0.0,0.0
bot:ab11aaf1-ed48-4001-bda9-53575eb8b4fa,aud:5af951d7-a415-4d2b-8a5f-e12260205dc8,0.0,0.00806655105354498,0.0,0.0,0.2394711461818676,0.0,0.0,0.0
bot:ab11aaf1-ed48-4001-bda9-53575eb8b4fa,aud:dcfc6666-03a2-4f3c-ba08-cc8c0ec8946b,0.0,0.0,0.0,0.0,0.08995161036726705,0.0,0.0,0.0
bot:ab11aaf1-ed48-4001-bda9-53575eb8b4fa,aud:ea0da6d0-c7b9-489d-8b57-07c9046731e5,0.0,0.0,1.0000000000000002,0.0,1.0,0.0,0.0,0.0
bot:ab2a1e69-da26-41ea-808f-b627dbc048fc,aud:de92c46d-1e8a-49a9-8b06-cdeea3638fb6,0.03568337776892054,0.0,0.0,0.0,0.0,0.0,0.0,0.0
bot:ab973ae0-5460-453e-8923-8f2dcc39b636,aud:fd1d7918-2533-4d28-a1c3-aa51f6f69a85,0.194885219731401,0.0,0.0,0.0,0.16303264248766233,0.0,0.0,0.0
bot:abb5c26b-3fa5-460e-9d54-bae1cc8cae20,aud:5af951d7-a415-4d2b-8a5f-e12260205dc8,0.0,0.05753333093608229,0.0,0.0,0.0,0.0,0.0,0.0
bot:acb28f8c-599a-42ea-a8ed-668cd52e7ffc,aud:3b96c30b-d9b6-4330-a0e2-7e0bd5feffb1,0.0,0.0,0.0,0.0,0.0,0.0,0.0,0.0
bot:ad0c8543-52c3-42a7-bf53-6c567adfed1d,aud:ae809139-691d-4a62-91d0-3301d717c8f3,0.0,0.0,0.0,0.0,0.0,0.0,0.0,0.0
bot:adb4ec90-8043-4831-98bb-27eff005bc6e,aud:5c257567-c3f7-4ca8-bf81-25649db072a9,0.02614840939821614,0.0,0.0,0.0,0.0,0.0,0.0,0.0
bot:ae1980ff-c68e-4d62-834d-c22fb2d5742f,aud:d09c4706-0afe-4415-8a8b-d3b649138ee9,1.0000000000000002,1.0,1.0000000000000002,0.0,1.0,0.0,0.0,0.0
bot:ae1980ff-c68e-4d62-834d-c22fb2d5742f,aud:dcfc6666-03a2-4f3c-ba08-cc8c0ec8946b,0.0,0.024900082665840016,0.0,0.0,0.0,0.0,0.0,0.0
bot:ae261cc9-9428-4132-b427-4bd21b30bcdd,aud:0592a82a-37f5-45ca-8768-9cf4cc37b38d,0.01900145973708109,0.0,0.0,0.0,0.0,0.0,0.0,0.0
bot:ae261cc9-9428-4132-b427-4bd21b30bcdd,aud:1c1f536d-ce39-4389-96fb-fba84aff480e,0.013921485838772774,0.0,0.0,0.0,0.0,0.0,0.0,0.0
bot:ae261cc9-9428-4132-b427-4bd21b30bcdd,aud:fd1d7918-2533-4d28-a1c3-aa51f6f69a85,0.0,0.0,0.0,0.0,0.16303264248766233,0.0,0.0,0.0
bot:aef4bfa2-cd92-4f3c-a988-e4149c5c1edf,aud:0fd5f733-3f84-495a-8851-fb8fe202a262,0.0,0.0,0.0,0.0,0.0,0.0,0.0,0.0
bot:affee183-174a-46fb-8ade-66797738d583,aud:7a0e97ca-4b62-4d88-bf2d-4df82afd86e1,0.0,0.0,0.0,0.0,0.30017258549971576,0.0,0.0,0.0
bot:b0d16d9d-a561-43a9-8db6-afa932074759,aud:332521e1-724f-40f8-81aa-28d4999b5f25,0.04346979163506419,0.0,0.0,0.0,0.0,0.0,0.0,0.0
bot:b0df7de1-8253-4b83-9475-adc84dcc8a32,aud:79e1ebdd-2a31-4b16-8f89-fa86af80425e,1.0000000000000002,0.0,1.0000000000000002,0.0,1.0,0.0,0.0,0.0
bot:b0df7de1-8253-4b83-9475-adc84dcc8a32,aud:f97d5b71-28e8-4699-8019-43c50d2a7b68,0.7387754239395156,0.0,0.0,0.0,0.0,0.0,0.0,0.0
bot:b0f96a73-5c0a-42c8-a1d9-567a86e7bf47,aud:76fa2770-7258-447e-a35f-04cec877f6f7,0.056122645826283186,0.0,0.0,0.0,0.0,0.0,0.0,0.0
bot:b13b77b9-547e-4df2-8140-ad49565313c2,aud:40d24fb3-ee87-46f2-b62a-5d540f0ceae1,0.10753334742503558,0.0,0.13153513823787652,0.0,0.0,0.0,0.0,0.0
bot:b25b61aa-f4b0-40c9-bb10-45dc8523241e,aud:7772323e-979e-4adf-b72c-378413be57eb,0.5656736796963917,0.0,0.0,0.0,0.0,0.0,0.0,0.0
bot:b2c74378-5bb6-4a9b-851f-14ffec37bcce,aud:fee223e4-37ab-49e1-8adc-3c78958b5a20,0.6047535548919489,0.0,0.0,0.0,0.0,0.0,0.0,0.0
bot:b3f50731-a720-4a73-926d-3a4e9f5ed431,aud:3d3608a4-9055-4a40-b06a-23a26d641375,0.11274825138203318,0.0,0.0,0.0,0.0,0.0,0.0,0.0
bot:b3f50731-a720-4a73-926d-3a4e9f5ed431,aud:f193c4fe-074e-4644-a5cd-9fa618659921,1.0,0.0,1.0000000000000002,1.0,1.0,0.0,0.0,0.0
bot:b400ab38-9b00-4e79-897a-1f92ed93a60c,aud:76fa2770-7258-447e-a35f-04cec877f6f7,0.2236287497351214,0.0,0.0,0.0,0.0,0.0,0.0,0.0
bot:b565e864-874c-451b-9b68-ff44b4f9eb45,aud:5af951d7-a415-4d2b-8a5f-e12260205dc8,0.011198776847690937,0.0,0.0,0.0,0.0,0.0,0.0,0.0
bot:b58acfb9-af01-4d0f-9dae-5fde2ae1128d,aud:ed479a9c-1c72-42a9-8305-cfe7b46ab3f5,0.4998378438286216,0.0,0.0,0.0,0.0,0.0,0.0,0.0
bot:b6d6066b-d768-49fb-b0bf-ffd7fd2045b5,aud:de4dd712-0da1-460a-97be-22d789b0d319,0.0,0.0,1.0,0.0,1.0,0.0,0.0,0.0
bot:b73105f0-de14-4fd3-87e7-94927359c9de,aud:192fde47-5f76-408a-b936-b1a59c1413a9,0.0,0.0,0.0,0.0,0.0,0.0,0.0,0.0
bot:b73105f0-de14-4fd3-87e7-94927359c9de,aud:de5d58a9-7bda-4b4c-beba-295076afb0a3,0.0,0.0,0.0,0.0,0.0,0.0,0.0,0.0
bot:b74781fb-91c9-4a7e-aeeb-c5b2b5614365,aud:55f2ff9b-2a74-4dfb-8fae-230adb424f50,0.0,0.0,1.0,0.0,1.0,0.0,0.0,0.0
bot:b74781fb-91c9-4a7e-aeeb-c5b2b5614365,aud:87ee8004-c365-495f-a486-4cc2648ffe7e,0.0,0.022705843033817216,1.0,0.0,1.0,0.0,0.0,0.0
bot:b8153e85-194d-4883-be20-b9527de76cae,aud:5af951d7-a415-4d2b-8a5f-e12260205dc8,0.01610458186766736,0.0,0.0,0.0,0.1518425904594178,0.0,0.0,0.0
bot:b89d9023-7395-49c8-ae9a-035f2cd5bd99,aud:47bab0ad-9926-4296-baf2-f7ee65d23854,0.0,0.0,0.0,0.0,0.0,0.0,0.0,0.0
bot:b8d134b3-b12e-41e9-bcf5-8cac7de6ba58,aud:1b2bfd87-ead1-44e2-b991-51a782e2f908,0.0,0.0,1.0000000000000002,0.0,1.0000000000000002,0.0,0.0,0.0
bot:b8d134b3-b12e-41e9-bcf5-8cac7de6ba58,aud:523faf60-6a2e-4be5-81d2-ecedc1aeb926,0.0,0.0,0.33099479252770325,0.0,1.0000000000000002,0.0,0.0,0.0
bot:b8d134b3-b12e-41e9-bcf5-8cac7de6ba58,aud:f9416f03-3064-4b08-aeea-016eb5932172,0.040981661829815275,0.0,0.0,0.0,0.0,0.0,0.0,0.0
bot:bb6ac622-0c52-4048-bf06-968805b9f6af,aud:efd241be-226d-4569-ac33-eff17beb97e3,0.0,0.0,0.11251521105044925,0.0,0.0,0.0,0.0,0.0
bot:bc067ec1-53ae-48e5-bf63-73434803cfce,aud:7a0e97ca-4b62-4d88-bf2d-4df82afd86e1,0.0319617322051765,0.0,0.0,0.0,0.0,0.0,0.0,0.0
bot:bc067ec1-53ae-48e5-bf63-73434803cfce,aud:85fd156f-866f-4b3d-b10e-9af7be531164,0.022927604863582956,0.0,0.0,0.0,0.3815799397980141,0.0,0.0,0.0
bot:bc37520d-764f-4f12-81f4-0bb3ee1d84ca,aud:9d851499-866c-4371-b9ee-0d9bc8d9aba2,0.0,0.0,0.0,0.0,0.12216912880616734,0.0,0.0,0.0
bot:bc42160c-1627-45fb-8552-68f83b52f4f4,aud:4a657c51-2f84-4f16-a277-87b7d83735c4,0.0,0.0,0.0,0.0,1.0,0.0,0.0,0.0
bot:bc42160c-1627-45fb-8552-68f83b52f4f4,aud:ad229fca-662c-451d-a019-410bd9b0f260,0.10094617473687977,0.0,1.0000000000000002,0.0,1.0,0.0,0.0,0.0
bot:bf720c9b-2282-4623-ad16-9c1631c75000,aud:1412b08f-ba8b-4db7-9b71-00bdb27562e6,0.048683367290380565,0.0,0.0,0.0,0.0,0.0,0.0,0.0
bot:bf720c9b-2282-4623-ad16-9c1631c75000,aud:4326b8df-9a0f-4e25-a183-af4102b336d8,0.0,0.0,0.0,0.0,0.5198563504706281,0.0,0.0,0.0
bot:bf720c9b-2282-4623-ad16-9c1631c75000,aud:e73ab197-73b8-4428-a416-9ade5ddd4e3e,0.0,0.0,0.0,0.0,0.3262956147610688,0.0,0.0,0.0
bot:c15104bc-e745-4978-a2cb-6d89feacf7ff,aud:5af951d7-a415-4d2b-8a5f-e12260205dc8,0.021700030574501178,0.0,0.0,0.0,0.0,0.0,0.0,0.0
bot:c15104bc-e745-4978-a2cb-6d89feacf7ff,aud:e2b875bf-bb9a-4e3e-9d82-9fd6194d10c1,0.0,0.0,1.0,0.0,1.0,0.0,0.0,0.0
bot:c1ac4e1d-2e93-413f-9ac0-1b21e325598a,aud:76fa2770-7258-447e-a35f-04cec877f6f7,0.28227327736566105,0.0,0.0,0.0,0.0,0.0,0.0,0.0
bot:c1c5bbad-add0-47ae-b093-97cee59be906,aud:8ea59b37-9132-4825-a571-cbd1b4256e8a,0.6884514435295838,0.0,1.0000000000000002,0.0,1.0,0.0,0.0,0.0
bot:c1d98118-1a28-4fc0-94ad-b7456eedf50c,aud:acc0f6d8-62f3-48cb-a436-544a02f43910,0.0,0.08531801750815664,0.0,0.0,0.0,0.0,0.0,0.0
bot:c22494c1-1713-4cb4-bf3e-8777daf37120,aud:896a6acb-d722-448f-b441-7148436420dd,0.07974402364918082,0.0,0.0,0.0,0.0,0.0,0.0,0.0
bot:c249c32d-17d6-4bb5-90f4-8ee3e9eed44d,aud:79e1ebdd-2a31-4b16-8f89-fa86af80425e,0.0,0.0,1.0000000000000002,0.0,1.0,0.0,0.0,0.0
bot:c267a9fa-2a7b-4b50-88b7-3248395d296e,aud:3b96c30b-d9b6-4330-a0e2-7e0bd5feffb1,0.03249173954126802,0.0,0.0,0.0,0.0,0.0,0.0,0.0
bot:c28d564d-f614-4cb8-9cb4-4160dd7ad82a,aud:3b96c30b-d9b6-4330-a0e2-7e0bd5feffb1,0.045059871560855475,0.02630368112893287,0.0,0.0,0.0,0.0,0.0,0.0
bot:c37b304d-2b88-49ea-9327-26e430353e04,aud:e2b875bf-bb9a-4e3e-9d82-9fd6194d10c1,0.0,0.0,0.0,0.0,0.0,0.0,0.0,0.0
bot:c3bb634d-34f3-41c5-81b1-16445077c220,aud:bf4936f8-feba-4db2-9906-982ad4b8d2c2,0.49438482498280906,0.0,0.0,0.0,0.0,0.0,0.0,0.0
bot:c3f09106-144d-4903-adb5-2c6788aa9653,aud:e92ed4ec-26c7-4d3b-b6af-d81ff067b3ea,0.2785510247060148,0.0,0.0,0.0,0.0,0.0,0.0,0.0
bot:c42c475c-16d8-4920-b4de-1bec5e0ae4d0,aud:2d3adcc9-9a65-4f98-a300-8086768f3b94,0.014126995248827021,0.024519386018679486,0.0,0.0,0.0,0.0,0.0,0.0
bot:c46d964b-60d8-4ce5-a524-6e6324e02d26,aud:5cacb76a-a76e-407c-b3de-a6262c545dd9,0.4101373495615778,0.0,0.0,0.0,0.0,0.0,0.0,0.0
bot:c66c9a79-02e9-4c3f-bc57-145189f7ed5d,aud:5af951d7-a415-4d2b-8a5f-e12260205dc8,0.0,0.041917560536945175,0.0,0.0,0.2355124005968599,0.0,0.0,0.0
bot:c66c9a79-02e9-4c3f-bc57-145189f7ed5d,aud:dcfc6666-03a2-4f3c-ba08-cc8c0ec8946b,0.04966414404334915,0.0,0.0,0.0,0.08846460224088797,0.0,0.0,0.0
bot:c66c9a79-02e9-4c3f-bc57-145189f7ed5d,aud:ea0da6d0-c7b9-489d-8b57-07c9046731e5,0.024259533951255307,0.0,0.0,0.0,0.300234813518121,0.0,0.0,0.0
bot:c6b5d6fc-eda4-499d-9dae-6f302f11a095,aud:55f2ff9b-2a74-4dfb-8fae-230adb424f50,0.044107114471426165,0.0,0.0,0.0,0.0,0.0,0.0,0.0
bot:c839dad3-4b18-4af0-b758-b24acb577a50,aud:701b7194-309f-4457-9d46-7472713672ac,0.011336542092958446,0.0,0.0,0.0,0.0,0.0,0.0,0.0
bot:c8b127b7-db13-48ae-a86f-aab59be728be,aud:982a9a5a-8823-47b9-9c88-850863d6ded6,0.13369601241436851,0.0,0.0,0.0,0.0,0.0,0.0,0.0
bot:c91f4929-e8a5-468c-955b-008cd4750d98,aud:ae809139-691d-4a62-91d0-3301d717c8f3,1.0,0.0,1.0,0.0,1.0000000000000002,0.0,0.0,0.0
bot:c91f4929-e8a5-468c-955b-008cd4750d98,aud:f4353d19-3617-443c-a1bc-7240981aecca,0.19191448743806389,0.0,0.0,0.0,0.0,0.0,0.0,0.0
bot:c93c93a7-5d9e-4908-a9d6-a0f6ac4fc134,aud:fd1d7918-2533-4d28-a1c3-aa51f6f69a85,0.0,0.0,0.35345840427023717,0.0,1.0,0.0,0.0,0.0
bot:ca5ca5a0-ff75-49c3-8580-df27b9c33de5,aud:8610e97e-da47-4e95-a701-dd64d8d20d56,0.0,0.0,0.0,0.0,0.19128182286212325,0.0,0.0,0.0
bot:cb3ac1d5-5b9b-4040-bf3e-f723e682ad00,aud:5af951d7-a415-4d2b-8a5f-e12260205dc8,0.023539415524838507,0.0,0.0,0.0,0.0,0.0,0.0,0.0
bot:cb96bf0f-ad36-4d52-950b-b1bde1d5e6c7,aud:55f2ff9b-2a74-4dfb-8fae-230adb424f50,0.0,0.0,0.0,0.0,0.0,0.0,0.0,0.0
bot:cb9d98d7-3894-4810-a7d1-84c9924a5079,aud:4068cbd6-92ed-470c-832a-6adc9fe3f8ea,0.0993658950224414,0.024722504105315787,0.0,0.0,0.0,0.0,0.0,0.0
bot:cbc0f352-b6fb-4196-8537-14e901c4641e,aud:0fd5f733-3f84-495a-8851-fb8fe202a262,0.031165859276738782,0.0,1.0,0.0,1.0,0.0,0.0,0.0
bot:cc0dd7e9-0234-45bc-a8bc-bd1856ea87c4,aud:ea490d41-031e-4805-9cae-2d6406620f8c,0.0,0.0,1.0000000000000002,0.0,1.0000000000000002,0.0,0.0,0.0
bot:cc65a1c2-050c-488c-9ba5-272092298157,aud:40d24fb3-ee87-46f2-b62a-5d540f0ceae1,0.038415450282282125,0.0,0.0,0.0,0.12488263085345194,0.0,0.0,0.0
bot:cc65a1c2-050c-488c-9ba5-272092298157,aud:ed479a9c-1c72-42a9-8305-cfe7b46ab3f5,0.04745066649839238,0.011091172031170665,0.0,0.0,0.0,0.0,0.0,0.0
bot:cce161d1-4651-41b9-9e4e-4b75caa5cb46,aud:b3e54574-d42b-4b1d-be77-429f75c9ba6f,0.04771363279847042,0.0,0.0,0.0,0.0,0.0,0.0,0.0
bot:cd18e0d4-fb33-48a1-bac4-5e05afb5dcef,aud:e92ed4ec-26c7-4d3b-b6af-d81ff067b3ea,0.3620179958700187,0.0,0.0,0.0,0.0,0.0,0.0,0.0
bot:cdf32ae8-841d-4d54-aa24-c10e2a60f59a,aud:76fa2770-7258-447e-a35f-04cec877f6f7,0.1847392695734295,0.0,0.0,0.0,0.0,0.0,0.0,0.0
bot:cfc1a535-c631-45ce-be2a-f7c32f6e8686,aud:c4e0d595-7e4f-4e41-b126-48bddf1028a8,0.0,0.0,0.0,0.0,0.0,0.0,0.0,0.0
bot:cfc1a535-c631-45ce-be2a-f7c32f6e8686,aud:f97d5b71-28e8-4699-8019-43c50d2a7b68,0.04356358830455803,0.0,0.0,0.0,0.0,0.0,0.0,0.0
bot:cfceb025-129b-4783-a18d-185edd6e9619,aud:093146fa-63c2-4cb3-8016-6442c944d010,0.0,0.0,0.0,0.0,0.0,0.0,0.0,0.0
bot:d0331cdf-3e77-4c8d-8bee-f73c891c6900,aud:4fd48839-a92c-4819-8853-f17b8e879872,0.0,0.0,1.0000000000000002,0.0,1.0000000000000002,0.0,0.0,0.0
bot:d07a32f2-cc1d-424d-aaba-6a6a380b1c13,aud:f4353d19-3617-443c-a1bc-7240981aecca,0.01891833210168281,0.04070903583757398,0.0,0.0,0.1351087522595544,0.0,0.0,0.0
bot:d082373f-c540-4b23-aa9e-28cb04fbb1da,aud:fd1d7918-2533-4d28-a1c3-aa51f6f69a85,0.026087333632714257,0.0,0.0,0.0,0.16303264248766233,0.0,0.0,0.0
bot:d1438614-9f8b-46d5-9838-9cbaea9a3b81,aud:3048a828-349f-49f6-b111-a5da007ee2ca,0.00554415697302891,0.0,0.0,0.0,0.0,0.0,0.0,0.0
bot:d16fb3ca-f226-4fcc-8f9b-7e1bec35e764,aud:3048a828-349f-49f6-b111-a5da007ee2ca,0.16010941940807172,0.0,0.0,0.0,0.0,0.0,0.0,0.0
bot:d1b056e5-08eb-413d-9365-187044b2e40b,aud:85fd156f-866f-4b3d-b10e-9af7be531164,0.04573617908199671,0.02046860514219544,0.0,0.0,0.0,0.0,0.0,0.0
bot:d1b6a178-f367-4adb-9faf-352b9bc7cae6,aud:0fd5f733-3f84-495a-8851-fb8fe202a262,0.0,0.0,1.0,0.0,1.0,0.0,0.0,0.0
bot:d1e42b43-ec2e-4cd3-8cb7-081a4879153e,aud:982a9a5a-8823-47b9-9c88-850863d6ded6,0.028362418545380165,0.0,0.0,0.0,0.6846307101493622,0.0,0.0,0.0
bot:d25d66a7-3ebb-4ee2-9e74-fa120cca929f,aud:5af951d7-a415-4d2b-8a5f-e12260205dc8,0.0215489310422624,0.0,0.0,0.0,0.0,0.0,0.0,0.0
bot:d2cfac9f-9226-4732-96da-2692a19c7416,aud:0fd5f733-3f84-495a-8851-fb8fe202a262,0.04538183703168379,0.0,0.0,0.0,0.0,0.0,0.0,0.0
bot:d2cfac9f-9226-4732-96da-2692a19c7416,aud:7325dc5b-d813-4df4-832d-8c176cb2a778,0.01990616440099833,0.0,0.0,0.0,1.0000000000000002,0.0,0.0,0.0
bot:d4241625-6ed0-402e-964a-e55fe4a72e5a,aud:22b466bf-5864-453d-ab1d-7c5b894c26f1,1.0000000000000004,0.0,1.0,0.0,1.0000000000000002,0.0,0.0,0.0
bot:d4241625-6ed0-402e-964a-e55fe4a72e5a,aud:d08faf8e-c2b5-4126-a9df-cf42b084f78b,0.319673666754641,0.0,1.0,0.0,1.0000000000000002,0.0,0.0,0.0
bot:d4a7e8da-0d2f-49c1-9393-151e0fd4f010,aud:4068cbd6-92ed-470c-832a-6adc9fe3f8ea,0.012685337386105559,0.03208258683528834,0.0,0.0,0.0,0.0,0.0,0.0
bot:d552e230-e5f6-40bd-be9c-4713d06898c2,aud:ad229fca-662c-451d-a019-410bd9b0f260,1.0,1.0,1.0000000000000002,0.0,1.0,0.0,0.0,0.0
bot:d6440086-18a8-4906-929f-a060ce6b851a,aud:4326b8df-9a0f-4e25-a183-af4102b336d8,0.0,0.0,0.0,0.0,0.5198563504706281,0.0,0.0,0.0
bot:d6440086-18a8-4906-929f-a060ce6b851a,aud:e73ab197-73b8-4428-a416-9ade5ddd4e3e,0.0,0.0,0.0,0.0,0.3262956147610688,0.0,0.0,0.0
bot:d6b396c1-0af2-4dec-80cc-b8830eeb145c,aud:4068cbd6-92ed-470c-832a-6adc9fe3f8ea,0.014676997840042574,0.0,0.0,0.0,0.0,0.0,0.0,0.0
bot:d732cb81-3c2c-41e2-b598-2cf175b7ba84,aud:9ec1c681-b8fa-4b25-a2b9-de865e42881c,0.009996619288008123,0.0,0.0,0.0,0.0,0.0,0.0,0.0
bot:d79943f5-58f4-45eb-aec3-889b031cdf82,aud:701b7194-309f-4457-9d46-7472713672ac,0.03185545832535997,0.0,0.0,0.0,0.0,0.0,0.0,0.0
bot:d7b92cb5-f5d9-4f9d-84ed-c797ad321c08,aud:8ea59b37-9132-4825-a571-cbd1b4256e8a,0.0,0.0,1.0000000000000002,0.0,1.0,0.0,0.0,0.0
bot:d8557ebe-8279-442e-8931-7b51d1d284f2,aud:2f4290b8-03e1-4c55-af97-3aa19cbd28fa,0.04808515928103093,0.0,0.0,0.0,0.0,0.0,0.0,0.0
bot:d953cdd1-c6f2-419b-ad9b-b4a8a2078a32,aud:f4353d19-3617-443c-a1bc-7240981aecca,0.0,0.07478062280576576,0.0,0.0,0.1351087522595544,0.0,0.0,0.0
bot:da71bc6e-fb1e-44d8-be16-4a661ecdfab7,aud:9d851499-866c-4371-b9ee-0d9bc8d9aba2,0.0,0.0,0.0,0.0,0.0,0.0,0.0,0.0
bot:db06c02f-2993-4329-9c49-667005f16350,aud:5af951d7-a415-4d2b-8a5f-e12260205dc8,0.033523115867726404,0.0,0.0,0.0,0.0,0.0,0.0,0.0
bot:db5f480a-a6af-40d5-bf2e-431655ea775c,aud:7fe206a7-bfb2-4d82-9780-04434e3c7b2b,0.0,0.0,0.0,0.0,0.1079057301710228,0.0,0.0,0.0
bot:db5f480a-a6af-40d5-bf2e-431655ea775c,aud:d08faf8e-c2b5-4126-a9df-cf42b084f78b,0.0,0.0,0.0,0.0,0.09039448304809428,0.0,0.0,0.0
bot:dc7ff0df-f67d-4442-97aa-8ba171a85e17,aud:e92ed4ec-26c7-4d3b-b6af-d81ff067b3ea,1.0000000000000002,1.0000000000000002,1.0000000000000002,0.0,0.0,0.0,0.0,0.0
bot:dc8295ba-ee7a-46c3-900d-9e80b52319ee,aud:5b7d8914-cc35-432f-8df0-e84b57f92ae1,0.043635030032654905,0.0,0.0,0.0,0.0,0.0,0.0,0.0
bot:dca5103a-48dc-4ee0-945a-a06fbf5230a3,aud:de92c46d-1e8a-49a9-8b06-cdeea3638fb6,0.0,0.0,0.0,0.0,0.0,0.0,0.0,0.0
bot:dccb38d8-6c8e-45a9-a3d8-32694281249a,aud:e92ed4ec-26c7-4d3b-b6af-d81ff067b3ea,0.38544124654780176,0.0,0.0,0.0,0.0,0.0,0.0,0.0
bot:dd6c2cad-b4cd-4048-87c2-f85cf1e1f358,aud:5af951d7-a415-4d2b-8a5f-e12260205dc8,0.018240455084054735,0.0,0.0,0.0,0.0,0.0,0.0,0.0
bot:dd78866d-babc-4423-9751-25d2fc255cd6,aud:22b466bf-5864-453d-ab1d-7c5b894c26f1,0.32122779848235955,0.0,0.0,0.0,0.0,0.0,0.0,0.0
bot:dd78866d-babc-4423-9751-25d2fc255cd6,aud:d08faf8e-c2b5-4126-a9df-cf42b084f78b,0.32152632953930116,0.0,0.0,0.0,0.0,0.0,0.0,0.0
bot:de0b17d0-9062-40e1-a59b-d4a7c898ec50,aud:93ca1326-9ec1-4f4a-b4b2-27c13a0ebddd,0.0,0.0,0.0,0.0,0.0,0.0,0.0,0.0
bot:de956f27-fd19-4396-bf2b-e99e8784f597,aud:f9416f03-3064-4b08-aeea-016eb5932172,0.17946297692254798,0.0,0.0,0.0,0.0,0.0,0.0,0.0
bot:decd5fb2-2a64-4c60-9fc4-3089db0e2187,aud:22b466bf-5864-453d-ab1d-7c5b894c26f1,0.044087642196337484,0.0,0.0,0.0,0.0,0.0,0.0,0.0
bot:decd5fb2-2a64-4c60-9fc4-3089db0e2187,aud:d08faf8e-c2b5-4126-a9df-cf42b084f78b,0.045550772925721995,0.0,0.0,0.0,0.0,0.0,0.0,0.0
bot:deda2dfd-315f-4551-9482-5e914c070a27,aud:7a0e97ca-4b62-4d88-bf2d-4df82afd86e1,0.010322458768798781,0.0,0.0,0.0,0.0,0.0,0.0,0.0
bot:e01531f8-3cd5-4f32-a53d-ce4eff8954dd,aud:e90f85b2-b301-4579-ad0a-99dd964124d1,0.010059942086728328,0.0,0.0,0.0,0.0,0.0,0.0,0.0
bot:e037b257-3912-4024-9c80-b6e6926eace6,aud:55f2ff9b-2a74-4dfb-8fae-230adb424f50,1.0,0.0,1.0,0.0,1.0,0.0,0.0,0.0
bot:e037b257-3912-4024-9c80-b6e6926eace6,aud:87ee8004-c365-495f-a486-4cc2648ffe7e,0.04807903840702201,0.0,1.0,0.0,1.0,0.0,0.0,0.0
bot:e0c61112-9b76-44f5-911b-07fb42bd74f7,aud:7a0e97ca-4b62-4d88-bf2d-4df82afd86e1,0.018532111487693407,0.0,0.0,0.0,0.0,0.0,0.0,0.0
bot:e10cbc62-8cff-4205-b478-631e9fe86cbf,aud:c4e0d595-7e4f-4e41-b126-48bddf1028a8,0.0,0.0,0.0,0.0,0.42207007407919844,0.0,0.0,0.0
bot:e10cbc62-8cff-4205-b478-631e9fe86cbf,aud:f97d5b71-28e8-4699-8019-43c50d2a7b68,0.023016500764870596,0.0,0.0,0.0,0.3870321258076166,0.0,0.0,0.0
bot:e245e534-cf61-4609-aae5-f80b4159e713,aud:88ebadc8-5c4f-4cbe-8a8b-bf4568235334,0.01993049016846145,0.0,1.0,1.0000000000000002,1.0000000000000002,0.0,0.0,0.0
bot:e24f6f0d-6dd4-4eb0-b0eb-1e8e1f3621ef,aud:5b7d8914-cc35-432f-8df0-e84b57f92ae1,0.05485380476509092,0.0,0.16656364561662146,0.0,0.1391192216635554,0.0,0.0,0.0
bot:e26434b1-429d-443e-9560-3d0d0127600d,aud:de92c46d-1e8a-49a9-8b06-cdeea3638fb6,0.1542987042632416,0.0,0.0,0.0,0.0,0.0,0.0,0.0
bot:e2a18d44-0e7a-4236-8fb0-b0f8cfb8964d,aud:fd1d7918-2533-4d28-a1c3-aa51f6f69a85,0.2402356537887092,0.0,1.0000000000000002,0.0,1.0,0.0,0.0,0.0
bot:e2ba119a-eed6-4a11-bbc9-ee3f5f4ee96b,aud:0fd5f733-3f84-495a-8851-fb8fe202a262,0.0719353119237537,0.0,0.0,0.0,0.0,0.0,0.0,0.0
bot:e2cd1e20-8b2c-4f1c-8453-5ae84435e12e,aud:5cacb76a-a76e-407c-b3de-a6262c545dd9,0.04820475223132327,0.0,0.0,0.0,0.42154134861843917,0.0,0.0,0.0
bot:e37a7e6b-1b4f-43fc-96f9-904f917f29f6,aud:22b466bf-5864-453d-ab1d-7c5b894c26f1,0.0,0.0,0.0,0.0,0.10722491020474546,0.0,0.0,0.0
bot:e37a7e6b-1b4f-43fc-96f9-904f917f29f6,aud:b361f8fc-102b-4d4f-bb8c-5421b812b5cb,0.7273977237735701,0.0,0.0,0.0,0.0,0.0,0.0,0.0
bot:e43ecd0e-8afa-44c6-b169-699904472752,aud:4068cbd6-92ed-470c-832a-6adc9fe3f8ea,0.012564205505561081,0.0,0.0,0.0,0.0,0.0,0.0,0.0
bot:e4dbd168-dedc-430b-a619-b3b408cc816b,aud:95015626-b672-4005-864d-bcebd998563e,0.0,0.0,0.0,0.0,0.4647331509814959,0.0,0.0,0.0
bot:e53797ae-a7a0-48a0-b72a-b2a7ca1c321e,aud:9d851499-866c-4371-b9ee-0d9bc8d9aba2,0.047327173364269164,0.05328225288738091,0.0,0.0,0.12216912880616734,0.0,0.0,0.0
bot:e57e630f-2570-4ee6-9c95-ab6cd8582f2b,aud:87ee8004-c365-495f-a486-4cc2648ffe7e,0.06855735127463662,0.0,0.0,0.0,0.0,0.0,0.0,0.0
bot:e5cdcd60-797e-4c39-b462-2871dc430903,aud:8ea59b37-9132-4825-a571-cbd1b4256e8a,0.11787012012502396,0.0,0.0,0.0,0.0,0.0,0.0,0.0
bot:e70e7149-06ec-4fc1-9ff3-fbc154d743da,aud:93ca1326-9ec1-4f4a-b4b2-27c13a0ebddd,0.0,0.0058785375326130635,0.0,0.0,0.0,0.0,0.0,0.0
bot:e781489a-9b85-493c-9abe-8287d065af5f,aud:ea490d41-031e-4805-9cae-2d6406620f8c,0.0,0.0,0.0,0.0,0.2160896727464804,0.0,0.0,0.0
bot:e78a0e54-0575-462a-ba2f-2bcdbe672998,aud:3048a828-349f-49f6-b111-a5da007ee2ca,0.2880631241873029,0.0,0.0,0.0,0.0,0.0,0.0,0.0
bot:e7baae55-1c7c-41c5-83c1-cfefcf8fdd2a,aud:3b96c30b-d9b6-4330-a0e2-7e0bd5feffb1,0.03780032605106219,0.0,0.0,0.0,0.0,0.0,0.0,0.0
bot:e7f9d5c7-ff0c-4b88-bea2-6ee49ddc13f7,aud:a4bbb1ed-1085-4547-aa27-73f60d56e0a4,0.0,0.02896501932667979,0.0,0.0,0.0,0.0,0.0,0.0
bot:e8dda98a-3290-4236-88c0-c5222f9d55c5,aud:7fe206a7-bfb2-4d82-9780-04434e3c7b2b,1.0,0.0,1.0,0.0,0.9999999999999999,0.0,0.0,0.0
bot:e8dda98a-3290-4236-88c0-c5222f9d55c5,aud:d08faf8e-c2b5-4126-a9df-cf42b084f78b,0.0,0.0,0.0,0.0,0.14010344353542462,0.0,0.0,0.0
bot:e90f5513-7d54-42d0-85f1-82807fccced6,aud:7325dc5b-d813-4df4-832d-8c176cb2a778,0.04176249448179126,0.0,0.0,0.0,0.0,0.0,0.0,0.0
bot:e96a7fb7-27aa-497d-afbe-702bfb6a3946,aud:76fa2770-7258-447e-a35f-04cec877f6f7,0.0,0.02968710162646624,0.0,0.0,0.0,0.0,0.0,0.0
bot:e98a045c-963e-4ede-b5fb-7882d52b9da5,aud:7b54a2ff-3b51-4a7a-ab1c-cc6d29db1a12,0.057609553416100606,0.056716158662100294,0.0,0.0,0.0,0.0,0.0,0.0
bot:e98a045c-963e-4ede-b5fb-7882d52b9da5,aud:ae6b776a-58d8-4520-a3cd-40d8bb9183a4,0.011434464689281734,0.0536845172715668,0.0,0.0,0.0,0.0,0.0,0.0
bot:eacb3c84-4f63-4fcb-971a-bb577cc4cf25,aud:de92c46d-1e8a-49a9-8b06-cdeea3638fb6,0.0,0.0,0.0,0.0,0.0,0.0,0.0,0.0
bot:eb3d809c-42ce-4b44-a204-3d32ba295c04,aud:29986673-809c-44de-bf19-29b598d31405,0.0,0.0,0.0,0.0,0.12328799190048167,0.0,0.0,0.0
bot:eb6e7441-fbd7-441a-a4f9-92b034d30f31,aud:1412b08f-ba8b-4db7-9b71-00bdb27562e6,0.0,0.0,0.0,0.0,0.0,0.0,0.0,0.0
bot:ed5830ee-48c8-4da4-ad26-c47043822851,aud:4fd48839-a92c-4819-8853-f17b8e879872,0.26971136508874155,0.0,0.0,0.0,0.0,0.0,0.0,0.0
bot:ed588b89-5993-4f70-baad-96cc918d501b,aud:ed479a9c-1c72-42a9-8305-cfe7b46ab3f5,0.04735601091446756,0.0,0.0,0.0,0.0,0.0,0.0,0.0
bot:ed5c64ef-f641-456d-9229-38f42e8a880c,aud:79e1ebdd-2a31-4b16-8f89-fa86af80425e,0.005531979950068752,0.012769867049926597,0.0,0.0,0.0,0.0,0.0,0.0
bot:ed5c64ef-f641-456d-9229-38f42e8a880c,aud:f97d5b71-28e8-4699-8019-43c50d2a7b68,0.004086890832836942,0.0,0.0,0.0,0.0,0.0,0.0,0.0
bot:ed958561-5847-4a46-b216-910572b0e647,aud:3d3608a4-9055-4a40-b06a-23a26d641375,0.024023395185325244,0.0,0.0,0.0,0.0,0.0,0.0,0.0
bot:ed958561-5847-4a46-b216-910572b0e647,aud:bbaa66dc-0eb4-4dd3-bbed-409eee0a52a3,0.0,0.0,0.15877122049819176,0.0,0.1768378046760143,0.0,0.0,0.0
bot:ed958561-5847-4a46-b216-910572b0e647,aud:f193c4fe-074e-4644-a5cd-9fa618659921,0.02064135193504756,0.0,0.0,0.0,0.0,0.0,0.0,0.0
bot:edb7f846-4e74-44c0-a498-c572a101ea7a,aud:8610e97e-da47-4e95-a701-dd64d8d20d56,0.0,0.0,0.0,0.0,0.2880603503754463,0.0,0.0,0.0
bot:ee045186-35dc-4a0d-871f-ac06142cf7df,aud:2f4290b8-03e1-4c55-af97-3aa19cbd28fa,0.0,0.0,0.0,0.0,0.10169271138857065,0.0,0.0,0.0
bot:ee045186-35dc-4a0d-871f-ac06142cf7df,aud:4c3bb39d-2032-4dec-81bf-c118d7fbc17f,0.0,0.0,0.0,0.0,0.10169271138857065,0.0,0.0,0.0
bot:eef09fc8-ba21-4923-886e-0b4bbf9d6d10,aud:192fde47-5f76-408a-b936-b1a59c1413a9,0.0419963751082078,0.0,0.0,0.0,0.0,0.0,0.0,0.0
bot:ef169b55-57d8-440f-b5b2-7398241be3ee,aud:a4c19e89-9a75-4f01-8ee4-9b11e86f3e24,0.124730225831468,0.0,0.0,0.0,0.0,0.0,0.0,0.0
bot:ef169b55-57d8-440f-b5b2-7398241be3ee,aud:de5d58a9-7bda-4b4c-beba-295076afb0a3,0.19693726392357924,0.0,0.0,0.0,0.0,0.0,0.0,0.0
bot:ef37035f-e417-46a3-ae2a-6570bd067bad,aud:158895c3-fb1b-45ee-8cac-3f60eb37c9a6,0.0,0.03775224015043173,0.9999999999999994,0.0,1.0,0.0,0.0,0.0
bot:ef37035f-e417-46a3-ae2a-6570bd067bad,aud:2d3adcc9-9a65-4f98-a300-8086768f3b94,0.0,0.06735640438600311,0.9999999999999994,0.0,1.0,0.0,0.0,0.0
bot:ef37035f-e417-46a3-ae2a-6570bd067bad,aud:9612f946-f1d9-4a51-9e5a-b8a0d13ff18e,1.0,1.0000000000000002,0.9999999999999994,0.0,1.0,0.0,0.0,0.0
bot:ef37035f-e417-46a3-ae2a-6570bd067bad,aud:d8dac75f-f8f7-47f5-96c4-8513cd7ea4db,0.0,0.04921403365553489,0.9999999999999994,0.0,1.0,0.0,0.0,0.0
bot:ef37035f-e417-46a3-ae2a-6570bd067bad,aud:f75d9f59-6e35-40f8-991d-38f9e40eb987,0.06483275383890777,0.0,0.9999999999999994,0.0,1.0,0.0,0.0,0.0
bot:f0448240-0f33-45e3-a777-aa83e85a481a,aud:7a0e97ca-4b62-4d88-bf2d-4df82afd86e1,0.030224468689662703,0.0,0.0,0.0,0.2181688472576933,0.0,0.0,0.0
bot:f2109e67-890e-47df-bc27-14b36501811f,aud:3b96c30b-d9b6-4330-a0e2-7e0bd5feffb1,0.11910419257422267,0.0,0.0,0.0,0.0,0.0,0.0,0.0
bot:f2aff3c2-7990-4ec3-9c0e-80135eb73ef3,aud:acc0f6d8-62f3-48cb-a436-544a02f43910,0.0,0.0,0.0,0.0,0.0,0.0,0.0,0.0
bot:f2ecf882-964d-45e6-be38-1b8369bd7df3,aud:093146fa-63c2-4cb3-8016-6442c944d010,0.0,0.0,0.0,0.0,0.0,0.0,0.0,0.0
bot:f2f5ef41-eb02-4035-a389-4b9b7b03e200,aud:24d6dfe2-b6f8-4b44-b5a6-79363aa1ebc5,0.1878787889513541,0.0,0.0,0.0,0.0,0.0,0.0,0.0
bot:f2fffd79-89ae-4c22-b0e0-8df22e0c5ae0,aud:5b7d8914-cc35-432f-8df0-e84b57f92ae1,0.016982898831056928,0.0,0.0,0.0,0.0,0.0,0.0,0.0
bot:f3621c9e-ec0f-406b-a2dd-e1e700420257,aud:64ae5943-de86-4879-a180-640c146e6a3a,0.014655846590484443,0.0,0.0,0.0,0.0,0.0,0.0,0.0
bot:f439528a-8055-47b7-8f0e-bbb4b055932c,aud:2f4290b8-03e1-4c55-af97-3aa19cbd28fa,0.0,0.0,0.0,0.0,0.0,0.0,0.0,0.0
bot:f58f5168-714b-45d1-a821-e4c5eae95657,aud:f75d9f59-6e35-40f8-991d-38f9e40eb987,0.15671204860498048,0.0,0.0,0.0,0.09970096144409517,0.0,0.0,0.0
bot:f7339b82-fa55-455c-b435-d579a0d64457,aud:0fd5f733-3f84-495a-8851-fb8fe202a262,0.012046113985141042,0.0,0.0,0.0,0.0,0.0,0.0,0.0
bot:f7464803-a52d-4cb3-9203-6f845989f37d,aud:ed479a9c-1c72-42a9-8305-cfe7b46ab3f5,0.024043302918959363,0.0,0.0,0.0,0.0,0.0,0.0,0.0
bot:f7fdf2e1-ccb4-4344-b7aa-ef4f265bcb93,aud:5af951d7-a415-4d2b-8a5f-e12260205dc8,0.02599604751004027,0.027491117223193702,0.0,0.0,0.0,0.0,0.0,0.0
bot:fa5ddad0-2fe0-4d17-a52c-2d885e91aeb9,aud:40d24fb3-ee87-46f2-b62a-5d540f0ceae1,0.03746567576026679,0.0,0.0,0.0,0.0,0.0,0.0,0.0
bot:fc12486c-cc64-4d73-bc7b-f7979b0d8858,aud:9d851499-866c-4371-b9ee-0d9bc8d9aba2,0.0,0.020739483509691736,0.0,0.0,0.12018857256346058,0.0,0.0,0.0
bot:fc1a8455-2644-43d7-8732-38d1f6bc84f4,aud:ed479a9c-1c72-42a9-8305-cfe7b46ab3f5,0.0,0.03791180936515674,0.0,0.0,0.0,0.0,0.0,0.0
bot:fc689b0a-a9e6-4f04-813d-a09d774968a1,aud:332521e1-724f-40f8-81aa-28d4999b5f25,0.04175463218613408,0.0,0.0,0.0,0.0,0.0,0.0,0.0
bot:fca75f03-45ca-4c78-9a6a-e5a2c9d2a5df,aud:179b919c-b103-4a04-8154-5003465d640c,0.6564830412278168,1.0,1.0000000000000004,0.0,1.0000000000000002,0.0,0.0,0.0
bot:fca75f03-45ca-4c78-9a6a-e5a2c9d2a5df,aud:be15596f-2bfe-450a-9f75-2a80131ed992,0.0,0.5085120084913306,1.0000000000000004,0.0,1.0000000000000002,0.0,0.0,0.0
bot:fdbcfab4-6d3b-409a-80a3-7539a08e8c8f,aud:55f2ff9b-2a74-4dfb-8fae-230adb424f50,0.05910123133244487,0.0,0.0,0.0,0.0,0.0,0.0,0.0
bot:fdec3fb5-f838-4e16-ac3b-1300ef71ec02,aud:e92ed4ec-26c7-4d3b-b6af-d81ff067b3ea,0.06239184580067078,0.0,0.0,0.0,0.0,0.0,0.0,0.0
bot:fdedcbe2-0c70-4a08-aba6-ace310c8ed84,aud:0fd5f733-3f84-495a-8851-fb8fe202a262,0.09939498030239723,0.0,0.0,0.0,0.0,0.0,0.0,0.0
bot:fdedcbe2-0c70-4a08-aba6-ace310c8ed84,aud:24d6dfe2-b6f8-4b44-b5a6-79363aa1ebc5,0.0,0.0,0.0,0.0,0.0,0.0,0.0,0.0
bot:fdf88b1a-a890-4f5d-b67d-c9102a960060,aud:55f2ff9b-2a74-4dfb-8fae-230adb424f50,0.037713744552322494,0.0,0.0,0.0,0.0,0.0,0.0,0.0
bot:ff8a5879-4cd9-4022-83fd-35b36cc95863,aud:647515ca-4f9b-4888-8aa2-a939c931ed4a,0.32327110998533937,0.0,0.0,0.0,0.0,0.0,0.0,0.0
bot:ffa05824-b2eb-4e8a-b0f3-99e1c3c37f41,aud:ae809139-691d-4a62-91d0-3301d717c8f3,0.35376658148666434,0.0,0.0,0.0,0.0,0.0,0.0,0.0
bot:ffa05824-b2eb-4e8a-b0f3-99e1c3c37f41,aud:f4353d19-3617-443c-a1bc-7240981aecca,0.20455554003015358,0.0,0.0,0.0,0.0,0.0,0.0,0.0
bot:ffb1ce27-0aec-4df9-bae0-ed63cb527f73,aud:7014608f-0dd7-46aa-80e8-f5b1910baf92,0.25615583627906735,0.0,0.0,0.0,0.0,0.0,0.0,0.0
bot:fff6ee38-cba9-41d7-96ce-f31295c7af39,aud:2f4290b8-03e1-4c55-af97-3aa19cbd28fa,0.0,0.0,0.0,0.0,0.46629575163347603,0.0,0.0,0.0
bot:fff6ee38-cba9-41d7-96ce-f31295c7af39,aud:4c3bb39d-2032-4dec-81bf-c118d7fbc17f,0.0,0.0,0.0,0.0,0.46629575163347603,0.0,0.0,0.0
